ID,Name,Form,Base Stamina,Base Attack,Base Defence,Type1,Type2,Base Capture Rate,Base Flee Rate,Height (m),Height SD,Weight (kg),Weight SD,Candy To Evolve,Buddy Candy Distance (km),Model Height,Buddy Size
1,BULBASAUR,,90,118,118,POKEMON_TYPE_GRASS,POKEMON_TYPE_POISON,0.2,0.1,0.7,0.0875,6.9,0.8625,25,3.0,0.7,BUDDY_NORMAL
2,IVYSAUR,,120,151,151,POKEMON_TYPE_GRASS,POKEMON_TYPE_POISON,0.1,0.07,1.0,0.125,13.0,1.625,100,3.0,1.25,BUDDY_BIG
3,VENUSAUR,,160,198,198,POKEMON_TYPE_GRASS,POKEMON_TYPE_POISON,0.05,0.05,2.0,0.25,100.0,12.5,0,3.0,1.9,BUDDY_BIG
4,CHARMANDER,,78,116,96,POKEMON_TYPE_FIRE,POKEMON_TYPE_NONE,0.2,0.1,0.6,0.075,8.5,1.0625,25,3.0,0.6,BUDDY_NORMAL
5,CHARMELEON,,116,158,129,POKEMON_TYPE_FIRE,POKEMON_TYPE_NONE,0.1,0.07,1.1,0.1375,19.0,2.375,100,3.0,1.03,BUDDY_NORMAL
6,CHARIZARD,,156,223,176,POKEMON_TYPE_FIRE,POKEMON_TYPE_FLYING,0.05,0.05,1.7,0.2125,90.5,11.3125,0,3.0,1.91,BUDDY_BIG
7,SQUIRTLE,,88,94,122,POKEMON_TYPE_WATER,POKEMON_TYPE_NONE,0.2,0.1,0.5,0.0625,9.0,1.125,25,3.0,0.43,BUDDY_NORMAL
8,WARTORTLE,,118,126,155,POKEMON_TYPE_WATER,POKEMON_TYPE_NONE,0.1,0.07,1.0,0.125,22.5,2.8125,100,3.0,1.0,BUDDY_NORMAL
9,BLASTOISE,,158,171,210,POKEMON_TYPE_WATER,POKEMON_TYPE_NONE,0.05,0.05,1.6,0.2,85.5,10.6875,0,3.0,1.39,BUDDY_BIG
10,CATERPIE,,90,55,62,POKEMON_TYPE_BUG,POKEMON_TYPE_NONE,0.5,0.2,0.3,0.0375,2.9,0.3625,12,1.0,0.19,BUDDY_SHOULDER
11,METAPOD,,100,45,94,POKEMON_TYPE_BUG,POKEMON_TYPE_NONE,0.25,0.09,0.7,0.0875,9.9,1.2375,50,1.0,0.7,BUDDY_NORMAL
12,BUTTERFREE,,120,167,151,POKEMON_TYPE_BUG,POKEMON_TYPE_FLYING,0.125,0.06,1.1,0.1375,32.0,4.0,0,1.0,0.95,BUDDY_FLYING
13,WEEDLE,,80,63,55,POKEMON_TYPE_BUG,POKEMON_TYPE_POISON,0.5,0.2,0.3,0.0375,3.2,0.4,12,1.0,0.18,BUDDY_SHOULDER
14,KAKUNA,,90,46,86,POKEMON_TYPE_BUG,POKEMON_TYPE_POISON,0.25,0.09,0.6,0.075,10.0,1.25,50,1.0,0.6,BUDDY_NORMAL
15,BEEDRILL,,130,169,150,POKEMON_TYPE_BUG,POKEMON_TYPE_POISON,0.125,0.06,1.0,0.125,29.5,3.6875,0,1.0,1.28,BUDDY_FLYING
16,PIDGEY,,80,85,76,POKEMON_TYPE_NORMAL,POKEMON_TYPE_FLYING,0.5,0.2,0.3,0.0375,1.8,0.225,12,1.0,0.3,BUDDY_SHOULDER
17,PIDGEOTTO,,126,117,108,POKEMON_TYPE_NORMAL,POKEMON_TYPE_FLYING,0.25,0.09,1.1,0.1375,30.0,3.75,50,1.0,1.74,BUDDY_FLYING
18,PIDGEOT,,166,166,157,POKEMON_TYPE_NORMAL,POKEMON_TYPE_FLYING,0.125,0.06,1.5,0.1875,39.5,4.9375,0,1.0,2.18,BUDDY_FLYING
19,RATTATA,,60,103,70,POKEMON_TYPE_NORMAL,POKEMON_TYPE_NONE,0.5,0.2,0.3,0.0375,3.5,0.4375,25,1.0,0.42,BUDDY_NORMAL
19,RATTATA,RATTATA_ALOLA,60,103,70,POKEMON_TYPE_DARK,POKEMON_TYPE_NORMAL,0.5,0.2,0.3,0.0375,3.8,0.475,25,1.0,0.42,BUDDY_NORMAL
19,RATTATA,RATTATA_NORMAL,60,103,70,POKEMON_TYPE_NORMAL,POKEMON_TYPE_NONE,0.5,0.2,0.3,0.0375,3.5,0.4375,25,1.0,0.42,BUDDY_NORMAL
20,RATICATE,,110,161,144,POKEMON_TYPE_NORMAL,POKEMON_TYPE_NONE,0.2,0.07,0.7,0.0875,18.5,2.3125,0,1.0,0.7,BUDDY_NORMAL
20,RATICATE,RATICATE_ALOLA,150,135,159,POKEMON_TYPE_DARK,POKEMON_TYPE_NORMAL,0.2,0.07,0.7,0.0875,25.5,3.1875,0,1.0,0.7,BUDDY_NORMAL
20,RATICATE,RATICATE_NORMAL,110,161,144,POKEMON_TYPE_NORMAL,POKEMON_TYPE_NONE,0.2,0.07,0.7,0.0875,18.5,2.3125,0,1.0,0.7,BUDDY_NORMAL
21,SPEAROW,,80,112,61,POKEMON_TYPE_NORMAL,POKEMON_TYPE_FLYING,0.5,0.15,0.3,0.0375,2.0,0.25,50,1.0,0.4,BUDDY_SHOULDER
22,FEAROW,,130,182,135,POKEMON_TYPE_NORMAL,POKEMON_TYPE_FLYING,0.2,0.07,1.2,0.15,38.0,4.75,0,1.0,1.5,BUDDY_FLYING
23,EKANS,,70,110,102,POKEMON_TYPE_POISON,POKEMON_TYPE_NONE,0.5,0.15,2.0,0.25,6.9,0.8625,50,3.0,0.28,BUDDY_NORMAL
24,ARBOK,,120,167,158,POKEMON_TYPE_POISON,POKEMON_TYPE_NONE,0.2,0.07,3.5,0.4375,65.0,8.125,0,3.0,1.6,BUDDY_BIG
25,PIKACHU,,70,112,101,POKEMON_TYPE_ELECTRIC,POKEMON_TYPE_NONE,0.2,0.1,0.4,0.05,6.0,0.75,50,1.0,0.4,BUDDY_SHOULDER
26,RAICHU,,120,193,165,POKEMON_TYPE_ELECTRIC,POKEMON_TYPE_NONE,0.1,0.06,0.8,0.1,30.0,3.75,0,1.0,0.83,BUDDY_NORMAL
26,RAICHU,RAICHU_ALOLA,120,201,172,POKEMON_TYPE_ELECTRIC,POKEMON_TYPE_PSYCHIC,0.1,0.06,0.7,0.0875,21.0,2.625,0,1.0,0.83,BUDDY_NORMAL
26,RAICHU,RAICHU_NORMAL,120,193,165,POKEMON_TYPE_ELECTRIC,POKEMON_TYPE_NONE,0.1,0.06,0.8,0.1,30.0,3.75,0,1.0,0.83,BUDDY_NORMAL
27,SANDSHREW,,100,126,145,POKEMON_TYPE_GROUND,POKEMON_TYPE_NONE,0.5,0.1,0.6,0.075,12.0,1.5,50,3.0,0.55,BUDDY_NORMAL
27,SANDSHREW,SANDSHREW_ALOLA,100,125,154,POKEMON_TYPE_ICE,POKEMON_TYPE_STEEL,0.5,0.1,0.7,0.0875,40.0,5.0,50,3.0,0.55,BUDDY_NORMAL
27,SANDSHREW,SANDSHREW_NORMAL,100,126,145,POKEMON_TYPE_GROUND,POKEMON_TYPE_NONE,0.5,0.1,0.6,0.075,12.0,1.5,50,3.0,0.55,BUDDY_NORMAL
28,SANDSLASH,,150,182,202,POKEMON_TYPE_GROUND,POKEMON_TYPE_NONE,0.2,0.06,1.0,0.125,29.5,3.6875,0,3.0,1.0,BUDDY_NORMAL
28,SANDSLASH,SANDSLASH_ALOLA,150,177,221,POKEMON_TYPE_ICE,POKEMON_TYPE_STEEL,0.2,0.06,1.2,0.15,55.0,6.875,0,3.0,1.0,BUDDY_NORMAL
28,SANDSLASH,SANDSLASH_NORMAL,150,182,202,POKEMON_TYPE_GROUND,POKEMON_TYPE_NONE,0.2,0.06,1.0,0.125,29.5,3.6875,0,3.0,1.0,BUDDY_NORMAL
29,NIDORAN_FEMALE,,110,86,94,POKEMON_TYPE_POISON,POKEMON_TYPE_NONE,0.5,0.15,0.4,0.05,7.0,0.875,25,3.0,0.4,BUDDY_NORMAL
30,NIDORINA,,140,117,126,POKEMON_TYPE_POISON,POKEMON_TYPE_NONE,0.25,0.07,0.8,0.1,20.0,2.5,100,3.0,0.7,BUDDY_NORMAL
31,NIDOQUEEN,,180,180,174,POKEMON_TYPE_POISON,POKEMON_TYPE_GROUND,0.125,0.05,1.3,0.1625,60.0,7.5,0,3.0,1.25,BUDDY_BIG
32,NIDORAN_MALE,,92,105,76,POKEMON_TYPE_POISON,POKEMON_TYPE_NONE,0.5,0.15,0.5,0.0625,9.0,1.125,25,3.0,0.5,BUDDY_NORMAL
33,NIDORINO,,122,137,112,POKEMON_TYPE_POISON,POKEMON_TYPE_NONE,0.25,0.07,0.9,0.1125,19.5,2.4375,100,3.0,0.9,BUDDY_NORMAL
34,NIDOKING,,162,204,157,POKEMON_TYPE_POISON,POKEMON_TYPE_GROUND,0.125,0.05,1.4,0.175,62.0,7.75,0,3.0,1.4,BUDDY_BIG
35,CLEFAIRY,,140,107,116,POKEMON_TYPE_FAIRY,POKEMON_TYPE_NONE,0.3,0.1,0.6,0.075,7.5,0.9375,50,1.0,0.6,BUDDY_NORMAL
36,CLEFABLE,,190,178,171,POKEMON_TYPE_FAIRY,POKEMON_TYPE_NONE,0.1,0.06,1.3,0.1625,40.0,5.0,0,1.0,1.3,BUDDY_BIG
37,VULPIX,,76,96,122,POKEMON_TYPE_FIRE,POKEMON_TYPE_NONE,0.3,0.1,0.6,0.075,9.9,1.2375,50,3.0,0.58,BUDDY_NORMAL
37,VULPIX,VULPIX_ALOLA,76,96,122,POKEMON_TYPE_ICE,POKEMON_TYPE_NONE,0.3,0.1,0.6,0.075,9.9,1.2375,50,3.0,0.58,BUDDY_NORMAL
37,VULPIX,VULPIX_NORMAL,76,96,122,POKEMON_TYPE_FIRE,POKEMON_TYPE_NONE,0.3,0.1,0.6,0.075,9.9,1.2375,50,3.0,0.58,BUDDY_NORMAL
38,NINETALES,,146,169,204,POKEMON_TYPE_FIRE,POKEMON_TYPE_NONE,0.1,0.06,1.1,0.1375,19.9,2.4875,0,3.0,1.11,BUDDY_BIG
38,NINETALES,NINETALES_ALOLA,146,170,207,POKEMON_TYPE_ICE,POKEMON_TYPE_FAIRY,0.1,0.06,1.1,0.1375,19.9,2.4875,0,3.0,1.11,BUDDY_BIG
38,NINETALES,NINETALES_NORMAL,146,169,204,POKEMON_TYPE_FIRE,POKEMON_TYPE_NONE,0.1,0.06,1.1,0.1375,19.9,2.4875,0,3.0,1.11,BUDDY_BIG
39,JIGGLYPUFF,,230,80,44,POKEMON_TYPE_NORMAL,POKEMON_TYPE_FAIRY,0.5,0.1,0.5,0.0625,5.5,0.6875,50,1.0,0.56,BUDDY_NORMAL
40,WIGGLYTUFF,,280,156,93,POKEMON_TYPE_NORMAL,POKEMON_TYPE_FAIRY,0.2,0.06,1.0,0.125,12.0,1.5,0,1.0,1.3,BUDDY_BIG
41,ZUBAT,,80,83,76,POKEMON_TYPE_POISON,POKEMON_TYPE_FLYING,0.5,0.2,0.8,0.1,7.5,0.9375,50,1.0,0.85,BUDDY_FLYING
42,GOLBAT,,150,161,153,POKEMON_TYPE_POISON,POKEMON_TYPE_FLYING,0.2,0.07,1.6,0.2,55.0,6.875,0,1.0,1.95,BUDDY_FLYING
43,ODDISH,,90,131,116,POKEMON_TYPE_GRASS,POKEMON_TYPE_POISON,0.6,0.15,0.5,0.0625,5.4,0.675,25,3.0,0.5,BUDDY_NORMAL
44,GLOOM,,120,153,139,POKEMON_TYPE_GRASS,POKEMON_TYPE_POISON,0.3,0.07,0.8,0.1,8.6,1.075,100,3.0,0.8,BUDDY_NORMAL
45,VILEPLUME,,150,202,170,POKEMON_TYPE_GRASS,POKEMON_TYPE_POISON,0.15,0.05,1.2,0.15,18.6,2.325,0,3.0,1.2,BUDDY_BIG
46,PARAS,,70,121,99,POKEMON_TYPE_BUG,POKEMON_TYPE_GRASS,0.4,0.15,0.3,0.0375,5.4,0.675,50,3.0,0.43,BUDDY_NORMAL
47,PARASECT,,120,165,146,POKEMON_TYPE_BUG,POKEMON_TYPE_GRASS,0.2,0.07,1.0,0.125,29.5,3.6875,0,3.0,0.97,BUDDY_NORMAL
48,VENONAT,,120,100,102,POKEMON_TYPE_BUG,POKEMON_TYPE_POISON,0.5,0.15,1.0,0.125,30.0,3.75,50,3.0,1.42,BUDDY_NORMAL
49,VENOMOTH,,140,179,150,POKEMON_TYPE_BUG,POKEMON_TYPE_POISON,0.2,0.07,1.5,0.1875,12.5,1.5625,0,3.0,1.6,BUDDY_FLYING
50,DIGLETT,,20,109,88,POKEMON_TYPE_GROUND,POKEMON_TYPE_NONE,0.5,0.1,0.2,0.025,0.8,0.1,50,3.0,0.2,BUDDY_NORMAL
50,DIGLETT,DIGLETT_ALOLA,20,109,89,POKEMON_TYPE_GROUND,POKEMON_TYPE_STEEL,0.5,0.1,0.2,0.025,1.0,0.125,50,3.0,0.2,BUDDY_NORMAL
50,DIGLETT,DIGLETT_NORMAL,20,109,88,POKEMON_TYPE_GROUND,POKEMON_TYPE_NONE,0.5,0.1,0.2,0.025,0.8,0.1,50,3.0,0.2,BUDDY_NORMAL
51,DUGTRIO,,70,167,147,POKEMON_TYPE_GROUND,POKEMON_TYPE_NONE,0.2,0.06,0.7,0.0875,33.3,4.1625,0,3.0,0.77,BUDDY_BIG
51,DUGTRIO,DUGTRIO_ALOLA,70,201,148,POKEMON_TYPE_GROUND,POKEMON_TYPE_STEEL,0.2,0.06,0.7,0.0875,66.6,8.325,0,3.0,0.77,BUDDY_BIG
51,DUGTRIO,DUGTRIO_NORMAL,70,167,147,POKEMON_TYPE_GROUND,POKEMON_TYPE_NONE,0.2,0.06,0.7,0.0875,33.3,4.1625,0,3.0,0.77,BUDDY_BIG
52,MEOWTH,,80,92,81,POKEMON_TYPE_NORMAL,POKEMON_TYPE_NONE,0.5,0.15,0.4,0.05,4.2,0.525,50,3.0,0.4,BUDDY_NORMAL
52,MEOWTH,MEOWTH_ALOLA,80,99,81,POKEMON_TYPE_DARK,POKEMON_TYPE_NONE,0.5,0.15,0.4,0.05,4.2,0.525,50,3.0,0.4,BUDDY_NORMAL
52,MEOWTH,MEOWTH_NORMAL,80,92,81,POKEMON_TYPE_NORMAL,POKEMON_TYPE_NONE,0.5,0.15,0.4,0.05,4.2,0.525,50,3.0,0.4,BUDDY_NORMAL
53,PERSIAN,,130,150,139,POKEMON_TYPE_NORMAL,POKEMON_TYPE_NONE,0.2,0.07,1.0,0.125,32.0,4.0,0,3.0,1.38,BUDDY_NORMAL
53,PERSIAN,PERSIAN_ALOLA,130,158,139,POKEMON_TYPE_DARK,POKEMON_TYPE_NONE,0.2,0.07,1.1,0.1375,33.0,4.125,0,3.0,1.38,BUDDY_NORMAL
53,PERSIAN,PERSIAN_NORMAL,130,150,139,POKEMON_TYPE_NORMAL,POKEMON_TYPE_NONE,0.2,0.07,1.0,0.125,32.0,4.0,0,3.0,1.38,BUDDY_NORMAL
54,PSYDUCK,,100,122,96,POKEMON_TYPE_WATER,POKEMON_TYPE_NONE,0.5,0.1,0.8,0.1,19.6,2.45,50,3.0,0.9,BUDDY_NORMAL
55,GOLDUCK,,160,191,163,POKEMON_TYPE_WATER,POKEMON_TYPE_NONE,0.2,0.06,1.7,0.2125,76.6,9.575,0,3.0,1.4,BUDDY_BIG
56,MANKEY,,80,148,87,POKEMON_TYPE_FIGHTING,POKEMON_TYPE_NONE,0.5,0.1,0.5,0.0625,28.0,3.5,50,3.0,0.55,BUDDY_NORMAL
57,PRIMEAPE,,130,207,144,POKEMON_TYPE_FIGHTING,POKEMON_TYPE_NONE,0.2,0.06,1.0,0.125,32.0,4.0,0,3.0,1.2,BUDDY_BIG
58,GROWLITHE,,110,136,96,POKEMON_TYPE_FIRE,POKEMON_TYPE_NONE,0.3,0.1,0.7,0.0875,19.0,2.375,50,3.0,0.7,BUDDY_NORMAL
59,ARCANINE,,180,227,166,POKEMON_TYPE_FIRE,POKEMON_TYPE_NONE,0.1,0.06,1.9,0.2375,155.0,19.375,0,3.0,2.0,BUDDY_BIG
60,POLIWAG,,80,101,82,POKEMON_TYPE_WATER,POKEMON_TYPE_NONE,0.5,0.15,0.6,0.075,12.4,1.55,25,3.0,0.6,BUDDY_NORMAL
61,POLIWHIRL,,130,130,130,POKEMON_TYPE_WATER,POKEMON_TYPE_NONE,0.25,0.07,1.0,0.125,20.0,2.5,100,3.0,1.05,BUDDY_BIG
62,POLIWRATH,,180,182,187,POKEMON_TYPE_WATER,POKEMON_TYPE_FIGHTING,0.125,0.05,1.3,0.1625,54.0,6.75,0,3.0,1.42,BUDDY_BIG
63,ABRA,,50,195,103,POKEMON_TYPE_PSYCHIC,POKEMON_TYPE_NONE,0.5,0.99,0.9,0.1125,19.5,2.4375,25,3.0,0.77,BUDDY_NORMAL
64,KADABRA,,80,232,138,POKEMON_TYPE_PSYCHIC,POKEMON_TYPE_NONE,0.25,0.07,1.3,0.1625,56.5,7.0625,100,3.0,1.3,BUDDY_BIG
65,ALAKAZAM,,110,271,194,POKEMON_TYPE_PSYCHIC,POKEMON_TYPE_NONE,0.1,0.05,1.5,0.1875,48.0,6.0,0,3.0,1.45,BUDDY_BIG
66,MACHOP,,140,137,88,POKEMON_TYPE_FIGHTING,POKEMON_TYPE_NONE,0.5,0.1,0.8,0.1,19.5,2.4375,25,3.0,0.8,BUDDY_NORMAL
67,MACHOKE,,160,177,130,POKEMON_TYPE_FIGHTING,POKEMON_TYPE_NONE,0.25,0.07,1.5,0.1875,70.5,8.8125,100,3.0,1.4,BUDDY_BIG
68,MACHAMP,,180,234,162,POKEMON_TYPE_FIGHTING,POKEMON_TYPE_NONE,0.1,0.05,1.6,0.2,130.0,16.25,0,3.0,1.5,BUDDY_BIG
69,BELLSPROUT,,100,139,64,POKEMON_TYPE_GRASS,POKEMON_TYPE_POISON,0.5,0.15,0.7,0.0875,4.0,0.5,25,3.0,0.55,BUDDY_NORMAL
70,WEEPINBELL,,130,172,95,POKEMON_TYPE_GRASS,POKEMON_TYPE_POISON,0.25,0.07,1.0,0.125,6.4,0.8,100,3.0,1.0,BUDDY_BIG
71,VICTREEBEL,,160,207,138,POKEMON_TYPE_GRASS,POKEMON_TYPE_POISON,0.125,0.05,1.7,0.2125,15.5,1.9375,0,3.0,1.48,BUDDY_BIG
72,TENTACOOL,,80,97,182,POKEMON_TYPE_WATER,POKEMON_TYPE_POISON,0.5,0.15,0.9,0.1125,45.5,5.6875,50,3.0,0.9,BUDDY_NORMAL
73,TENTACRUEL,,160,166,237,POKEMON_TYPE_WATER,POKEMON_TYPE_POISON,0.2,0.07,1.6,0.2,55.0,6.875,0,3.0,1.6,BUDDY_BIG
74,GEODUDE,,80,132,163,POKEMON_TYPE_ROCK,POKEMON_TYPE_GROUND,0.5,0.1,0.4,0.05,20.0,2.5,25,1.0,1.38,BUDDY_NORMAL
74,GEODUDE,GEODUDE_ALOLA,80,132,163,POKEMON_TYPE_ROCK,POKEMON_TYPE_ELECTRIC,0.5,0.1,0.4,0.05,20.3,2.5375,25,1.0,1.38,BUDDY_NORMAL
74,GEODUDE,GEODUDE_NORMAL,80,132,163,POKEMON_TYPE_ROCK,POKEMON_TYPE_GROUND,0.5,0.1,0.4,0.05,20.0,2.5,25,1.0,1.38,BUDDY_NORMAL
75,GRAVELER,,110,164,196,POKEMON_TYPE_ROCK,POKEMON_TYPE_GROUND,0.25,0.07,1.0,0.125,105.0,13.125,100,1.0,1.6,BUDDY_BIG
75,GRAVELER,GRAVELER_ALOLA,110,164,196,POKEMON_TYPE_ROCK,POKEMON_TYPE_ELECTRIC,0.25,0.07,1.0,0.125,110.0,13.75,100,1.0,1.6,BUDDY_BIG
75,GRAVELER,GRAVELER_NORMAL,110,164,196,POKEMON_TYPE_ROCK,POKEMON_TYPE_GROUND,0.25,0.07,1.0,0.125,105.0,13.125,100,1.0,1.6,BUDDY_BIG
76,GOLEM,,160,211,229,POKEMON_TYPE_ROCK,POKEMON_TYPE_GROUND,0.125,0.05,1.4,0.175,300.0,37.5,0,1.0,1.5,BUDDY_BIG
76,GOLEM,GOLEM_ALOLA,160,211,229,POKEMON_TYPE_ROCK,POKEMON_TYPE_ELECTRIC,0.125,0.05,1.7,0.2125,316.0,39.5,0,1.0,1.5,BUDDY_BIG
76,GOLEM,GOLEM_NORMAL,160,211,229,POKEMON_TYPE_ROCK,POKEMON_TYPE_GROUND,0.125,0.05,1.4,0.175,300.0,37.5,0,1.0,1.5,BUDDY_BIG
77,PONYTA,,100,170,132,POKEMON_TYPE_FIRE,POKEMON_TYPE_NONE,0.4,0.1,1.0,0.125,30.0,3.75,50,3.0,0.97,BUDDY_NORMAL
78,RAPIDASH,,130,207,167,POKEMON_TYPE_FIRE,POKEMON_TYPE_NONE,0.15,0.06,1.7,0.2125,95.0,11.875,0,3.0,1.65,BUDDY_BIG
79,SLOWPOKE,,180,109,109,POKEMON_TYPE_WATER,POKEMON_TYPE_PSYCHIC,0.5,0.1,1.2,0.15,36.0,4.5,50,3.0,1.52,BUDDY_NORMAL
80,SLOWBRO,,190,177,194,POKEMON_TYPE_WATER,POKEMON_TYPE_PSYCHIC,0.2,0.06,1.6,0.2,78.5,9.8125,0,3.0,1.46,BUDDY_BIG
81,MAGNEMITE,,50,165,128,POKEMON_TYPE_ELECTRIC,POKEMON_TYPE_STEEL,0.5,0.1,0.3,0.0375,6.0,0.75,50,3.0,0.38,BUDDY_FLYING
82,MAGNETON,,100,223,182,POKEMON_TYPE_ELECTRIC,POKEMON_TYPE_STEEL,0.2,0.06,1.0,0.125,60.0,7.5,0,3.0,0.8,BUDDY_BIG
83,FARFETCHD,,104,124,118,POKEMON_TYPE_NORMAL,POKEMON_TYPE_FLYING,0.3,0.09,0.8,0.1,15.0,1.875,0,3.0,0.75,BUDDY_NORMAL
84,DODUO,,70,158,88,POKEMON_TYPE_NORMAL,POKEMON_TYPE_FLYING,0.5,0.1,1.4,0.175,39.2,4.9,50,3.0,1.35,BUDDY_NORMAL
85,DODRIO,,120,218,145,POKEMON_TYPE_NORMAL,POKEMON_TYPE_FLYING,0.2,0.06,1.8,0.225,85.2,10.65,0,3.0,1.8,BUDDY_BIG
86,SEEL,,130,85,128,POKEMON_TYPE_WATER,POKEMON_TYPE_NONE,0.5,0.09,1.1,0.1375,90.0,11.25,50,3.0,0.8,BUDDY_NORMAL
87,DEWGONG,,180,139,184,POKEMON_TYPE_WATER,POKEMON_TYPE_ICE,0.2,0.06,1.7,0.2125,120.0,15.0,0,3.0,0.89,BUDDY_NORMAL
88,GRIMER,,160,135,90,POKEMON_TYPE_POISON,POKEMON_TYPE_NONE,0.5,0.1,0.9,0.1125,30.0,3.75,50,3.0,1.05,BUDDY_BIG
88,GRIMER,GRIMER_ALOLA,160,135,90,POKEMON_TYPE_POISON,POKEMON_TYPE_DARK,0.5,0.1,0.7,0.0875,42.0,5.25,50,3.0,1.05,BUDDY_BIG
88,GRIMER,GRIMER_NORMAL,160,135,90,POKEMON_TYPE_POISON,POKEMON_TYPE_NONE,0.5,0.1,0.9,0.1125,30.0,3.75,50,3.0,1.05,BUDDY_BIG
89,MUK,,210,190,184,POKEMON_TYPE_POISON,POKEMON_TYPE_NONE,0.2,0.06,1.2,0.15,30.0,3.75,0,3.0,1.88,BUDDY_BIG
89,MUK,MUK_ALOLA,210,190,184,POKEMON_TYPE_POISON,POKEMON_TYPE_DARK,0.2,0.06,1.0,0.125,52.0,6.5,0,3.0,1.88,BUDDY_BIG
89,MUK,MUK_NORMAL,210,190,184,POKEMON_TYPE_POISON,POKEMON_TYPE_NONE,0.2,0.06,1.2,0.15,30.0,3.75,0,3.0,1.88,BUDDY_BIG
90,SHELLDER,,60,116,168,POKEMON_TYPE_WATER,POKEMON_TYPE_NONE,0.5,0.1,0.3,0.0375,4.0,0.5,50,3.0,0.3,BUDDY_NORMAL
91,CLOYSTER,,100,186,323,POKEMON_TYPE_WATER,POKEMON_TYPE_ICE,0.2,0.06,1.5,0.1875,132.5,16.5625,0,3.0,1.5,BUDDY_BIG
92,GASTLY,,60,186,70,POKEMON_TYPE_GHOST,POKEMON_TYPE_POISON,0.4,0.1,1.3,0.1625,0.1,0.0125,25,3.0,1.0,BUDDY_FLYING
93,HAUNTER,,90,223,112,POKEMON_TYPE_GHOST,POKEMON_TYPE_POISON,0.2,0.07,1.6,0.2,0.1,0.0125,100,3.0,1.87,BUDDY_FLYING
94,GENGAR,,120,261,156,POKEMON_TYPE_GHOST,POKEMON_TYPE_POISON,0.1,0.05,1.5,0.1875,40.5,5.0625,0,3.0,1.5,BUDDY_BIG
95,ONIX,,70,85,288,POKEMON_TYPE_ROCK,POKEMON_TYPE_GROUND,0.2,0.09,8.8,1.1,210.0,26.25,0,5.0,5.75,BUDDY_BIG
96,DROWZEE,,120,89,158,POKEMON_TYPE_PSYCHIC,POKEMON_TYPE_NONE,0.5,0.1,1.0,0.125,32.4,4.05,50,3.0,0.9,BUDDY_BIG
97,HYPNO,,170,144,215,POKEMON_TYPE_PSYCHIC,POKEMON_TYPE_NONE,0.2,0.06,1.6,0.2,75.6,9.45,0,3.0,1.55,BUDDY_BIG
98,KRABBY,,60,181,156,POKEMON_TYPE_WATER,POKEMON_TYPE_NONE,0.5,0.15,0.4,0.05,6.5,0.8125,50,3.0,0.71,BUDDY_NORMAL
99,KINGLER,,110,240,214,POKEMON_TYPE_WATER,POKEMON_TYPE_NONE,0.2,0.07,1.3,0.1625,60.0,7.5,0,3.0,1.37,BUDDY_BIG
100,VOLTORB,,80,109,114,POKEMON_TYPE_ELECTRIC,POKEMON_TYPE_NONE,0.5,0.1,0.5,0.0625,10.4,1.3,50,3.0,0.5,BUDDY_NORMAL
101,ELECTRODE,,120,173,179,POKEMON_TYPE_ELECTRIC,POKEMON_TYPE_NONE,0.2,0.06,1.2,0.15,66.6,8.325,0,3.0,1.2,BUDDY_BIG
102,EXEGGCUTE,,120,107,140,POKEMON_TYPE_GRASS,POKEMON_TYPE_PSYCHIC,0.5,0.1,0.4,0.05,2.5,0.3125,50,3.0,0.93,BUDDY_NORMAL
103,EXEGGUTOR,,190,233,158,POKEMON_TYPE_GRASS,POKEMON_TYPE_PSYCHIC,0.2,0.06,2.0,0.25,120.0,15.0,0,3.0,1.8,BUDDY_BIG
103,EXEGGUTOR,EXEGGUTOR_ALOLA,190,230,158,POKEMON_TYPE_GRASS,POKEMON_TYPE_DRAGON,0.2,0.06,10.9,1.375,415.6,51.95,0,3.0,6.0,BUDDY_BIG
103,EXEGGUTOR,EXEGGUTOR_NORMAL,190,233,158,POKEMON_TYPE_GRASS,POKEMON_TYPE_PSYCHIC,0.2,0.06,2.0,0.25,120.0,15.0,0,3.0,1.8,BUDDY_BIG
104,CUBONE,,100,90,165,POKEMON_TYPE_GROUND,POKEMON_TYPE_NONE,0.4,0.1,0.4,0.05,6.5,0.8125,50,3.0,0.4,BUDDY_NORMAL
105,MAROWAK,,120,144,200,POKEMON_TYPE_GROUND,POKEMON_TYPE_NONE,0.15,0.06,1.0,0.125,45.0,5.625,0,3.0,1.0,BUDDY_NORMAL
105,MAROWAK,MAROWAK_ALOLA,120,144,200,POKEMON_TYPE_FIRE,POKEMON_TYPE_GHOST,0.15,0.06,1.0,0.125,34.0,4.25,0,3.0,1.0,BUDDY_NORMAL
105,MAROWAK,MAROWAK_NORMAL,120,144,200,POKEMON_TYPE_GROUND,POKEMON_TYPE_NONE,0.15,0.06,1.0,0.125,45.0,5.625,0,3.0,1.0,BUDDY_NORMAL
106,HITMONLEE,,100,224,211,POKEMON_TYPE_FIGHTING,POKEMON_TYPE_NONE,0.2,0.09,1.5,0.1875,49.8,6.225,0,5.0,1.44,BUDDY_BIG
107,HITMONCHAN,,100,193,212,POKEMON_TYPE_FIGHTING,POKEMON_TYPE_NONE,0.2,0.09,1.4,0.175,50.2,6.275,0,5.0,1.14,BUDDY_BIG
108,LICKITUNG,,180,108,137,POKEMON_TYPE_NORMAL,POKEMON_TYPE_NONE,0.2,0.09,1.2,0.15,65.5,8.1875,0,3.0,1.2,BUDDY_NORMAL
109,KOFFING,,80,119,164,POKEMON_TYPE_POISON,POKEMON_TYPE_NONE,0.5,0.1,0.6,0.075,1.0,0.125,50,3.0,0.65,BUDDY_BIG
110,WEEZING,,130,174,221,POKEMON_TYPE_POISON,POKEMON_TYPE_NONE,0.2,0.06,1.2,0.15,9.5,1.1875,0,3.0,0.76,BUDDY_BIG
111,RHYHORN,,160,140,157,POKEMON_TYPE_GROUND,POKEMON_TYPE_ROCK,0.5,0.1,1.0,0.125,115.0,14.375,50,3.0,1.0,BUDDY_BIG
112,RHYDON,,210,222,206,POKEMON_TYPE_GROUND,POKEMON_TYPE_ROCK,0.05,0.06,1.9,0.2375,120.0,15.0,0,3.0,1.85,BUDDY_BIG
113,CHANSEY,,500,60,176,POKEMON_TYPE_NORMAL,POKEMON_TYPE_NONE,0.2,0.09,1.1,0.1375,34.6,4.325,0,5.0,1.1,BUDDY_BIG
114,TANGELA,,130,183,205,POKEMON_TYPE_GRASS,POKEMON_TYPE_NONE,0.4,0.09,1.0,0.125,35.0,4.375,0,3.0,1.0,BUDDY_NORMAL
115,KANGASKHAN,,210,181,165,POKEMON_TYPE_NORMAL,POKEMON_TYPE_NONE,0.2,0.09,2.2,0.275,80.0,10.0,0,3.0,2.18,BUDDY_BIG
116,HORSEA,,60,129,125,POKEMON_TYPE_WATER,POKEMON_TYPE_NONE,0.5,0.1,0.4,0.05,8.0,1.0,50,3.0,0.4,BUDDY_NORMAL
117,SEADRA,,110,187,182,POKEMON_TYPE_WATER,POKEMON_TYPE_NONE,0.2,0.06,1.2,0.15,25.0,3.125,0,3.0,1.2,BUDDY_BIG
118,GOLDEEN,,90,123,115,POKEMON_TYPE_WATER,POKEMON_TYPE_NONE,0.5,0.15,0.6,0.075,15.0,1.875,50,3.0,0.5,BUDDY_NORMAL
119,SEAKING,,160,175,154,POKEMON_TYPE_WATER,POKEMON_TYPE_NONE,0.2,0.07,1.3,0.1625,39.0,4.875,0,3.0,1.36,BUDDY_BIG
120,STARYU,,60,137,112,POKEMON_TYPE_WATER,POKEMON_TYPE_NONE,0.5,0.15,0.8,0.1,34.5,4.3125,50,3.0,0.8,BUDDY_BIG
121,STARMIE,,120,210,184,POKEMON_TYPE_WATER,POKEMON_TYPE_PSYCHIC,0.2,0.06,1.1,0.1375,80.0,10.0,0,3.0,1.08,BUDDY_BIG
122,MR_MIME,,80,192,233,POKEMON_TYPE_PSYCHIC,POKEMON_TYPE_FAIRY,0.3,0.09,1.3,0.1625,54.5,6.8125,0,5.0,1.3,BUDDY_NORMAL
123,SCYTHER,,140,218,170,POKEMON_TYPE_BUG,POKEMON_TYPE_FLYING,0.3,0.09,1.5,0.1875,56.0,7.0,0,5.0,1.5,BUDDY_BIG
124,JYNX,,130,223,182,POKEMON_TYPE_ICE,POKEMON_TYPE_PSYCHIC,0.3,0.09,1.4,0.175,40.6,5.075,0,5.0,1.4,BUDDY_BIG
125,ELECTABUZZ,,130,198,173,POKEMON_TYPE_ELECTRIC,POKEMON_TYPE_NONE,0.2,0.09,1.1,0.1375,30.0,3.75,0,5.0,1.2,BUDDY_BIG
126,MAGMAR,,130,206,169,POKEMON_TYPE_FIRE,POKEMON_TYPE_NONE,0.2,0.09,1.3,0.1625,44.5,5.5625,0,5.0,1.35,BUDDY_BIG
127,PINSIR,,130,238,197,POKEMON_TYPE_BUG,POKEMON_TYPE_NONE,0.3,0.09,1.5,0.1875,55.0,6.875,0,5.0,1.4,BUDDY_BIG
128,TAUROS,,150,198,197,POKEMON_TYPE_NORMAL,POKEMON_TYPE_NONE,0.3,0.09,1.4,0.175,88.4,11.05,0,3.0,1.4,BUDDY_BIG
129,MAGIKARP,,40,29,102,POKEMON_TYPE_WATER,POKEMON_TYPE_NONE,0.7,0.15,0.9,0.1125,10.0,1.25,400,1.0,0.85,BUDDY_NORMAL
130,GYARADOS,,190,237,197,POKEMON_TYPE_WATER,POKEMON_TYPE_FLYING,0.1,0.07,6.5,0.8125,235.0,29.375,0,1.0,5.56,BUDDY_BIG
131,LAPRAS,,260,165,180,POKEMON_TYPE_WATER,POKEMON_TYPE_ICE,0.05,0.09,2.5,0.3125,220.0,27.5,0,5.0,2.57,BUDDY_BIG
132,DITTO,,96,91,91,POKEMON_TYPE_NORMAL,POKEMON_TYPE_NONE,0.2,0.1,0.3,0.0375,4.0,0.5,0,3.0,0.33,BUDDY_NORMAL
133,EEVEE,,110,104,121,POKEMON_TYPE_NORMAL,POKEMON_TYPE_NONE,0.4,0.1,0.3,0.0375,6.5,0.8125,25,5.0,0.3,BUDDY_SHOULDER
134,VAPOREON,,260,205,177,POKEMON_TYPE_WATER,POKEMON_TYPE_NONE,0.125,0.06,1.0,0.125,29.0,3.625,0,5.0,0.89,BUDDY_NORMAL
135,JOLTEON,,130,232,201,POKEMON_TYPE_ELECTRIC,POKEMON_TYPE_NONE,0.125,0.06,0.8,0.1,24.5,3.0625,0,5.0,0.8,BUDDY_NORMAL
136,FLAREON,,130,246,204,POKEMON_TYPE_FIRE,POKEMON_TYPE_NONE,0.125,0.06,0.9,0.1125,25.0,3.125,0,5.0,1.27,BUDDY_NORMAL
137,PORYGON,,130,153,139,POKEMON_TYPE_NORMAL,POKEMON_TYPE_NONE,0.4,0.09,0.8,0.1,36.5,4.5625,0,3.0,0.8,BUDDY_BIG
138,OMANYTE,,70,155,174,POKEMON_TYPE_ROCK,POKEMON_TYPE_WATER,0.4,0.09,0.4,0.05,7.5,0.9375,50,5.0,0.4,BUDDY_NORMAL
139,OMASTAR,,140,207,227,POKEMON_TYPE_ROCK,POKEMON_TYPE_WATER,0.15,0.05,1.0,0.125,35.0,4.375,0,5.0,1.0,BUDDY_BIG
140,KABUTO,,60,148,162,POKEMON_TYPE_ROCK,POKEMON_TYPE_WATER,0.4,0.09,0.5,0.0625,11.5,1.4375,50,5.0,0.5,BUDDY_NORMAL
141,KABUTOPS,,120,220,203,POKEMON_TYPE_ROCK,POKEMON_TYPE_WATER,0.15,0.05,1.3,0.1625,40.5,5.0625,0,5.0,1.25,BUDDY_BIG
142,AERODACTYL,,160,221,164,POKEMON_TYPE_ROCK,POKEMON_TYPE_FLYING,0.2,0.09,1.8,0.225,59.0,7.375,0,5.0,3.7,BUDDY_BIG
143,SNORLAX,,320,190,190,POKEMON_TYPE_NORMAL,POKEMON_TYPE_NONE,0.05,0.09,2.1,0.2625,460.0,57.5,0,5.0,2.0,BUDDY_BIG
144,ARTICUNO,,180,192,249,POKEMON_TYPE_ICE,POKEMON_TYPE_FLYING,0.03,0.1,1.7,0.2125,55.4,6.925,0,20.0,2.6,BUDDY_FLYING
145,ZAPDOS,,180,253,188,POKEMON_TYPE_ELECTRIC,POKEMON_TYPE_FLYING,0.03,0.1,1.6,0.2,52.6,6.575,0,20.0,2.36,BUDDY_FLYING
146,MOLTRES,,180,251,184,POKEMON_TYPE_FIRE,POKEMON_TYPE_FLYING,0.03,0.1,2.0,0.25,60.0,7.5,0,20.0,3.0,BUDDY_FLYING
147,DRATINI,,82,119,94,POKEMON_TYPE_DRAGON,POKEMON_TYPE_NONE,0.4,0.09,1.8,0.225,3.3,0.4125,25,5.0,0.78,BUDDY_NORMAL
148,DRAGONAIR,,122,163,138,POKEMON_TYPE_DRAGON,POKEMON_TYPE_NONE,0.1,0.06,4.0,0.5,16.5,2.0625,100,5.0,1.95,BUDDY_BIG
149,DRAGONITE,,182,263,201,POKEMON_TYPE_DRAGON,POKEMON_TYPE_FLYING,0.05,0.05,2.2,0.275,210.0,26.25,0,5.0,2.28,BUDDY_BIG
150,MEWTWO,,193,300,182,POKEMON_TYPE_PSYCHIC,POKEMON_TYPE_NONE,0.06,0.1,2.0,0.25,122.0,15.25,0,20.0,2.0,BUDDY_BIG
151,MEW,,200,210,210,POKEMON_TYPE_PSYCHIC,POKEMON_TYPE_NONE,100.0,0,0.4,0.05,4.0,0.5,0,20.0,0.45,BUDDY_NORMAL
152,CHIKORITA,,90,92,122,POKEMON_TYPE_GRASS,POKEMON_TYPE_NONE,0.2,0.1,0.89,0.11125,6.4,0.8,25,3.0,0.55,BUDDY_NORMAL
153,BAYLEEF,,120,122,155,POKEMON_TYPE_GRASS,POKEMON_TYPE_NONE,0.125,0.07,1.19,0.14875,15.8,1.975,100,3.0,1.3,BUDDY_NORMAL
154,MEGANIUM,,160,168,202,POKEMON_TYPE_GRASS,POKEMON_TYPE_NONE,0.05,0.05,1.8,0.225,100.5,12.5625,0,3.0,1.75,BUDDY_BIG
155,CYNDAQUIL,,78,116,96,POKEMON_TYPE_FIRE,POKEMON_TYPE_NONE,0.2,0.1,0.51,0.06375,7.9,0.9875,25,3.0,0.46,BUDDY_NORMAL
156,QUILAVA,,116,158,129,POKEMON_TYPE_FIRE,POKEMON_TYPE_NONE,0.125,0.07,0.89,0.11125,19.0,2.375,100,3.0,1.06,BUDDY_NORMAL
157,TYPHLOSION,,156,223,176,POKEMON_TYPE_FIRE,POKEMON_TYPE_NONE,0.05,0.05,1.7,0.2125,79.5,9.9375,0,3.0,1.69,BUDDY_BIG
158,TOTODILE,,100,117,116,POKEMON_TYPE_WATER,POKEMON_TYPE_NONE,0.2,0.1,0.61,0.07625,9.5,1.1875,25,3.0,0.57,BUDDY_NORMAL
159,CROCONAW,,130,150,151,POKEMON_TYPE_WATER,POKEMON_TYPE_NONE,0.125,0.07,1.09,0.13625,25.0,3.125,100,3.0,1.05,BUDDY_NORMAL
160,FERALIGATR,,170,205,197,POKEMON_TYPE_WATER,POKEMON_TYPE_NONE,0.05,0.05,2.31,0.28875,88.8,11.1,0,3.0,2.05,BUDDY_BIG
161,SENTRET,,70,79,77,POKEMON_TYPE_NORMAL,POKEMON_TYPE_NONE,0.5,0.2,0.79,0.09875,6.0,0.75,25,1.0,0.72,BUDDY_NORMAL
162,FURRET,,170,148,130,POKEMON_TYPE_NORMAL,POKEMON_TYPE_NONE,0.15,0.07,1.8,0.225,32.5,4.0625,0,1.0,0.83,BUDDY_NORMAL
163,HOOTHOOT,,120,67,101,POKEMON_TYPE_NORMAL,POKEMON_TYPE_FLYING,0.5,0.15,0.71,0.08875,21.2,2.65,50,1.0,0.7,BUDDY_NORMAL
164,NOCTOWL,,200,145,179,POKEMON_TYPE_NORMAL,POKEMON_TYPE_FLYING,0.15,0.07,1.6,0.2,40.8,5.1,0,1.0,1.64,BUDDY_FLYING
165,LEDYBA,,80,72,142,POKEMON_TYPE_BUG,POKEMON_TYPE_FLYING,0.5,0.2,0.99,0.12375,10.8,1.35,25,1.0,1.18,BUDDY_FLYING
166,LEDIAN,,110,107,209,POKEMON_TYPE_BUG,POKEMON_TYPE_FLYING,0.15,0.07,1.4,0.175,35.6,4.45,0,1.0,1.4,BUDDY_FLYING
167,SPINARAK,,80,105,73,POKEMON_TYPE_BUG,POKEMON_TYPE_POISON,0.5,0.2,0.51,0.06375,8.5,1.0625,50,1.0,0.52,BUDDY_NORMAL
168,ARIADOS,,140,161,128,POKEMON_TYPE_BUG,POKEMON_TYPE_POISON,0.15,0.07,1.09,0.13625,33.5,4.1875,0,1.0,1.03,BUDDY_NORMAL
169,CROBAT,,170,194,178,POKEMON_TYPE_POISON,POKEMON_TYPE_FLYING,0.1,0.05,1.8,0.225,75.0,9.375,0,1.0,2.65,BUDDY_FLYING
170,CHINCHOU,,150,106,106,POKEMON_TYPE_WATER,POKEMON_TYPE_ELECTRIC,0.4,0.1,0.51,0.06375,12.0,1.5,50,3.0,0.6,BUDDY_NORMAL
171,LANTURN,,250,146,146,POKEMON_TYPE_WATER,POKEMON_TYPE_ELECTRIC,0.15,0.07,1.19,0.14875,22.5,2.8125,0,3.0,1.4,BUDDY_BIG
172,PICHU,,40,77,63,POKEMON_TYPE_ELECTRIC,POKEMON_TYPE_NONE,0,0.05,0.3,0.0375,2.0,0.25,25,1.0,0.37,BUDDY_BABY
173,CLEFFA,,100,75,91,POKEMON_TYPE_FAIRY,POKEMON_TYPE_NONE,0,0.05,0.3,0.0375,3.0,0.375,25,1.0,0.3,BUDDY_BABY
174,IGGLYBUFF,,180,69,34,POKEMON_TYPE_NORMAL,POKEMON_TYPE_FAIRY,0,0.05,0.3,0.0375,1.0,0.125,25,1.0,0.33,BUDDY_NORMAL
175,TOGEPI,,70,67,116,POKEMON_TYPE_FAIRY,POKEMON_TYPE_NONE,0,0.05,0.3,0.0375,1.5,0.1875,50,3.0,0.3,BUDDY_BABY
176,TOGETIC,,110,139,191,POKEMON_TYPE_FAIRY,POKEMON_TYPE_FLYING,0.05,0.05,0.61,0.07625,3.2,0.4,0,3.0,0.6,BUDDY_NORMAL
177,NATU,,80,134,89,POKEMON_TYPE_PSYCHIC,POKEMON_TYPE_FLYING,0.4,0.15,0.2,0.025,2.0,0.25,50,3.0,0.2,BUDDY_SHOULDER
178,XATU,,130,192,146,POKEMON_TYPE_PSYCHIC,POKEMON_TYPE_FLYING,0.15,0.07,1.5,0.1875,15.0,1.875,0,3.0,1.65,BUDDY_FLYING
179,MAREEP,,110,114,82,POKEMON_TYPE_ELECTRIC,POKEMON_TYPE_NONE,0.5,0.1,0.61,0.07625,7.8,0.975,25,5.0,0.6,BUDDY_NORMAL
180,FLAAFFY,,140,145,112,POKEMON_TYPE_ELECTRIC,POKEMON_TYPE_NONE,0.25,0.07,0.79,0.09875,13.3,1.6625,100,5.0,0.8,BUDDY_NORMAL
181,AMPHAROS,,180,211,172,POKEMON_TYPE_ELECTRIC,POKEMON_TYPE_NONE,0.125,0.05,1.4,0.175,61.5,7.6875,0,5.0,1.48,BUDDY_BIG
182,BELLOSSOM,,150,169,189,POKEMON_TYPE_GRASS,POKEMON_TYPE_NONE,0.05,0.05,0.41,0.05125,5.8,0.725,0,3.0,0.4,BUDDY_NORMAL
183,MARILL,,140,37,93,POKEMON_TYPE_WATER,POKEMON_TYPE_FAIRY,0.5,0.1,0.41,0.05125,8.5,1.0625,25,3.0,0.41,BUDDY_NORMAL
184,AZUMARILL,,200,112,152,POKEMON_TYPE_WATER,POKEMON_TYPE_FAIRY,0.15,0.07,0.79,0.09875,28.5,3.5625,0,3.0,0.72,BUDDY_NORMAL
185,SUDOWOODO,,140,167,198,POKEMON_TYPE_ROCK,POKEMON_TYPE_NONE,0.125,0.05,1.19,0.14875,38.0,4.75,0,5.0,1.2,BUDDY_NORMAL
186,POLITOED,,180,174,192,POKEMON_TYPE_WATER,POKEMON_TYPE_NONE,0.1,0.05,1.09,0.13625,33.9,4.2375,0,3.0,1.1,BUDDY_NORMAL
187,HOPPIP,,70,67,101,POKEMON_TYPE_GRASS,POKEMON_TYPE_FLYING,0.5,0.12,0.41,0.05125,0.5,0.0625,25,3.0,0.82,BUDDY_FLYING
188,SKIPLOOM,,110,91,127,POKEMON_TYPE_GRASS,POKEMON_TYPE_FLYING,0.25,0.07,0.61,0.07625,1.0,0.125,100,3.0,0.68,BUDDY_FLYING
189,JUMPLUFF,,150,118,197,POKEMON_TYPE_GRASS,POKEMON_TYPE_FLYING,0.125,0.05,0.79,0.09875,3.0,0.375,0,3.0,0.75,BUDDY_FLYING
190,AIPOM,,110,136,112,POKEMON_TYPE_NORMAL,POKEMON_TYPE_NONE,0.2,0.09,0.79,0.09875,11.5,1.4375,0,3.0,0.8,BUDDY_NORMAL
191,SUNKERN,,60,55,55,POKEMON_TYPE_GRASS,POKEMON_TYPE_NONE,0.5,0.09,0.3,0.0375,1.8,0.225,50,3.0,0.3,BUDDY_SHOULDER
192,SUNFLORA,,150,185,148,POKEMON_TYPE_GRASS,POKEMON_TYPE_NONE,0.1,0.07,0.79,0.09875,8.5,1.0625,0,3.0,0.76,BUDDY_NORMAL
193,YANMA,,130,154,94,POKEMON_TYPE_BUG,POKEMON_TYPE_FLYING,0.3,0.1,1.19,0.14875,38.0,4.75,0,3.0,1.13,BUDDY_NORMAL
194,WOOPER,,110,75,75,POKEMON_TYPE_WATER,POKEMON_TYPE_GROUND,0.4,0.1,0.41,0.05125,8.5,1.0625,50,3.0,0.4,BUDDY_NORMAL
195,QUAGSIRE,,190,152,152,POKEMON_TYPE_WATER,POKEMON_TYPE_GROUND,0.15,0.07,1.4,0.175,75.0,9.375,0,3.0,1.4,BUDDY_BIG
196,ESPEON,,130,261,194,POKEMON_TYPE_PSYCHIC,POKEMON_TYPE_NONE,0,0.05,0.89,0.11125,26.5,3.3125,0,5.0,0.76,BUDDY_NORMAL
197,UMBREON,,190,126,250,POKEMON_TYPE_DARK,POKEMON_TYPE_NONE,0,0.05,0.99,0.12375,27.0,3.375,0,5.0,1.0,BUDDY_NORMAL
198,MURKROW,,120,175,87,POKEMON_TYPE_DARK,POKEMON_TYPE_FLYING,0.2,0.1,0.51,0.06375,2.1,0.2625,0,3.0,0.5,BUDDY_SHOULDER
199,SLOWKING,,190,177,194,POKEMON_TYPE_WATER,POKEMON_TYPE_PSYCHIC,0.1,0.05,2.01,0.25125,79.5,9.9375,0,3.0,2.0,BUDDY_BIG
200,MISDREAVUS,,120,167,167,POKEMON_TYPE_GHOST,POKEMON_TYPE_NONE,0.3,0.07,0.71,0.08875,1.0,0.125,0,3.0,0.63,BUDDY_FLYING
201,UNOWN,,96,136,91,POKEMON_TYPE_PSYCHIC,POKEMON_TYPE_NONE,0.3,0.1,0.51,0.06375,5.0,0.625,0,5.0,0.5,BUDDY_NORMAL
202,WOBBUFFET,,380,60,106,POKEMON_TYPE_PSYCHIC,POKEMON_TYPE_NONE,0.25,0.07,1.3,0.1625,28.5,3.5625,0,3.0,1.3,BUDDY_BIG
203,GIRAFARIG,,140,182,133,POKEMON_TYPE_NORMAL,POKEMON_TYPE_PSYCHIC,0.3,0.07,1.5,0.1875,41.5,5.1875,0,3.0,1.5,BUDDY_BIG
204,PINECO,,100,108,146,POKEMON_TYPE_BUG,POKEMON_TYPE_NONE,0.4,0.12,0.61,0.07625,7.2,0.9,50,5.0,0.6,BUDDY_NORMAL
205,FORRETRESS,,150,161,242,POKEMON_TYPE_BUG,POKEMON_TYPE_STEEL,0.15,0.07,1.19,0.14875,125.8,15.725,0,5.0,1.2,BUDDY_BIG
206,DUNSPARCE,,200,131,131,POKEMON_TYPE_NORMAL,POKEMON_TYPE_NONE,0.3,0.2,1.5,0.1875,14.0,1.75,0,3.0,1.5,BUDDY_NORMAL
207,GLIGAR,,130,143,204,POKEMON_TYPE_GROUND,POKEMON_TYPE_FLYING,0.2,0.07,1.09,0.13625,64.8,8.1,0,5.0,1.07,BUDDY_NORMAL
208,STEELIX,,150,148,333,POKEMON_TYPE_STEEL,POKEMON_TYPE_GROUND,0.1,0.05,9.19,1.14875,400.0,50.0,0,5.0,7.26,BUDDY_BIG
209,SNUBBULL,,120,137,89,POKEMON_TYPE_FAIRY,POKEMON_TYPE_NONE,0.4,0.1,0.61,0.07625,7.8,0.975,50,3.0,0.66,BUDDY_NORMAL
210,GRANBULL,,180,212,137,POKEMON_TYPE_FAIRY,POKEMON_TYPE_NONE,0.15,0.08,1.4,0.175,48.7,6.0875,0,3.0,1.4,BUDDY_BIG
211,QWILFISH,,130,184,148,POKEMON_TYPE_WATER,POKEMON_TYPE_POISON,0.3,0.08,0.51,0.06375,3.9,0.4875,0,3.0,0.5,BUDDY_NORMAL
212,SCIZOR,,140,236,191,POKEMON_TYPE_BUG,POKEMON_TYPE_STEEL,0.05,0.05,2.01,0.25125,125.0,15.625,0,5.0,1.91,BUDDY_BIG
213,SHUCKLE,,40,17,396,POKEMON_TYPE_BUG,POKEMON_TYPE_ROCK,0.3,0.07,0.61,0.07625,20.5,2.5625,0,3.0,0.6,BUDDY_NORMAL
214,HERACROSS,,160,234,189,POKEMON_TYPE_BUG,POKEMON_TYPE_FIGHTING,0.3,0.09,1.5,0.1875,54.0,6.75,0,3.0,1.5,BUDDY_BIG
215,SNEASEL,,110,189,157,POKEMON_TYPE_DARK,POKEMON_TYPE_ICE,0.2,0.07,0.89,0.11125,28.0,3.5,0,3.0,0.8,BUDDY_NORMAL
216,TEDDIURSA,,120,142,93,POKEMON_TYPE_NORMAL,POKEMON_TYPE_NONE,0.5,0.2,0.61,0.07625,8.8,1.1,50,3.0,0.6,BUDDY_NORMAL
217,URSARING,,180,236,144,POKEMON_TYPE_NORMAL,POKEMON_TYPE_NONE,0.15,0.07,1.8,0.225,125.8,15.725,0,3.0,1.8,BUDDY_BIG
218,SLUGMA,,80,118,71,POKEMON_TYPE_FIRE,POKEMON_TYPE_NONE,0.3,0.1,0.71,0.08875,35.0,4.375,50,1.0,0.66,BUDDY_NORMAL
219,MAGCARGO,,100,139,209,POKEMON_TYPE_FIRE,POKEMON_TYPE_ROCK,0.125,0.06,0.79,0.09875,55.0,6.875,0,1.0,0.78,BUDDY_NORMAL
220,SWINUB,,100,90,74,POKEMON_TYPE_ICE,POKEMON_TYPE_GROUND,0.3,0.1,0.41,0.05125,6.5,0.8125,50,3.0,0.4,BUDDY_NORMAL
221,PILOSWINE,,200,181,147,POKEMON_TYPE_ICE,POKEMON_TYPE_GROUND,0.125,0.06,1.09,0.13625,55.8,6.975,0,3.0,1.1,BUDDY_BIG
222,CORSOLA,,110,118,156,POKEMON_TYPE_WATER,POKEMON_TYPE_ROCK,0.3,0.12,0.61,0.07625,5.0,0.625,0,3.0,0.6,BUDDY_NORMAL
223,REMORAID,,70,127,69,POKEMON_TYPE_WATER,POKEMON_TYPE_NONE,0.5,0.1,0.61,0.07625,12.0,1.5,50,1.0,0.55,BUDDY_NORMAL
224,OCTILLERY,,150,197,141,POKEMON_TYPE_WATER,POKEMON_TYPE_NONE,0.15,0.07,0.89,0.11125,28.5,3.5625,0,1.0,0.92,BUDDY_NORMAL
225,DELIBIRD,,90,128,90,POKEMON_TYPE_ICE,POKEMON_TYPE_FLYING,0.2,0.2,0.89,0.11125,16.0,2.0,0,5.0,0.9,BUDDY_NORMAL
226,MANTINE,,130,148,260,POKEMON_TYPE_WATER,POKEMON_TYPE_FLYING,0.3,0.07,2.11,0.26375,220.0,27.5,0,5.0,2.1,BUDDY_BIG
227,SKARMORY,,130,148,260,POKEMON_TYPE_STEEL,POKEMON_TYPE_FLYING,0.2,0.09,1.7,0.2125,50.5,6.3125,0,5.0,1.84,BUDDY_FLYING
228,HOUNDOUR,,90,152,93,POKEMON_TYPE_DARK,POKEMON_TYPE_FIRE,0.4,0.1,0.61,0.07625,10.8,1.35,50,3.0,0.6,BUDDY_NORMAL
229,HOUNDOOM,,150,224,159,POKEMON_TYPE_DARK,POKEMON_TYPE_FIRE,0.15,0.06,1.4,0.175,35.0,4.375,0,3.0,1.25,BUDDY_NORMAL
230,KINGDRA,,150,194,194,POKEMON_TYPE_WATER,POKEMON_TYPE_DRAGON,0.1,0.05,1.8,0.225,152.0,19.0,0,3.0,1.8,BUDDY_BIG
231,PHANPY,,180,107,107,POKEMON_TYPE_GROUND,POKEMON_TYPE_NONE,0.5,0.2,0.51,0.06375,33.5,4.1875,50,3.0,0.5,BUDDY_NORMAL
232,DONPHAN,,180,214,214,POKEMON_TYPE_GROUND,POKEMON_TYPE_NONE,0.125,0.07,1.09,0.13625,120.0,15.0,0,3.0,1.02,BUDDY_BIG
233,PORYGON2,,170,198,183,POKEMON_TYPE_NORMAL,POKEMON_TYPE_NONE,0.05,0.05,0.61,0.07625,32.5,4.0625,0,3.0,0.61,BUDDY_NORMAL
234,STANTLER,,146,192,132,POKEMON_TYPE_NORMAL,POKEMON_TYPE_NONE,0.3,0.08,1.4,0.175,71.2,8.9,0,3.0,1.4,BUDDY_BIG
235,SMEARGLE,,110,40,88,POKEMON_TYPE_NORMAL,POKEMON_TYPE_NONE,0.25,0.07,1.19,0.14875,58.0,7.25,0,3.0,1.2,BUDDY_BIG
236,TYROGUE,,70,64,64,POKEMON_TYPE_FIGHTING,POKEMON_TYPE_NONE,0,0.2,0.71,0.08875,21.0,2.625,25,5.0,0.7,BUDDY_NORMAL
237,HITMONTOP,,100,173,214,POKEMON_TYPE_FIGHTING,POKEMON_TYPE_NONE,0.1,0.05,1.4,0.175,48.0,6.0,0,5.0,1.3,BUDDY_NORMAL
238,SMOOCHUM,,90,153,116,POKEMON_TYPE_ICE,POKEMON_TYPE_PSYCHIC,0,0.2,0.41,0.05125,6.0,0.75,25,5.0,0.48,BUDDY_BABY
239,ELEKID,,90,135,110,POKEMON_TYPE_ELECTRIC,POKEMON_TYPE_NONE,0,0.2,0.61,0.07625,23.5,2.9375,25,5.0,0.6,BUDDY_BABY
240,MAGBY,,90,151,108,POKEMON_TYPE_FIRE,POKEMON_TYPE_NONE,0,0.2,0.71,0.08875,21.4,2.675,25,5.0,0.7,BUDDY_BABY
241,MILTANK,,190,157,211,POKEMON_TYPE_NORMAL,POKEMON_TYPE_NONE,0.2,0.08,1.19,0.14875,75.5,9.4375,0,5.0,1.2,BUDDY_BIG
242,BLISSEY,,510,129,229,POKEMON_TYPE_NORMAL,POKEMON_TYPE_NONE,0.05,0.05,1.5,0.1875,46.8,5.85,0,5.0,1.5,BUDDY_BIG
243,RAIKOU,,180,241,210,POKEMON_TYPE_ELECTRIC,POKEMON_TYPE_NONE,0.02,0.04,1.91,0.23875,178.0,22.25,0,20.0,1.8,BUDDY_BIG
244,ENTEI,,230,235,176,POKEMON_TYPE_FIRE,POKEMON_TYPE_NONE,0.02,0.04,2.11,0.26375,198.0,24.75,0,20.0,2.1,BUDDY_BIG
245,SUICUNE,,200,180,235,POKEMON_TYPE_WATER,POKEMON_TYPE_NONE,0.02,0.04,2.01,0.25125,187.0,23.375,0,20.0,2.1,BUDDY_BIG
246,LARVITAR,,100,115,93,POKEMON_TYPE_ROCK,POKEMON_TYPE_GROUND,0.4,0.1,0.61,0.07625,72.0,9.0,25,5.0,0.61,BUDDY_NORMAL
247,PUPITAR,,140,155,133,POKEMON_TYPE_ROCK,POKEMON_TYPE_GROUND,0.1,0.07,1.19,0.14875,152.0,19.0,100,5.0,1.2,BUDDY_NORMAL
248,TYRANITAR,,200,251,212,POKEMON_TYPE_ROCK,POKEMON_TYPE_DARK,0.05,0.04,2.01,0.25125,202.0,25.25,0,5.0,2.0,BUDDY_BIG
249,LUGIA,,212,193,323,POKEMON_TYPE_PSYCHIC,POKEMON_TYPE_FLYING,0.02,0.04,5.21,0.65125,216.0,27.0,0,20.0,4.85,BUDDY_BIG
250,HO_OH,,193,239,274,POKEMON_TYPE_FIRE,POKEMON_TYPE_FLYING,0.02,0.04,3.81,0.47625,199.0,24.875,0,20.0,5.26,BUDDY_BIG
251,CELEBI,,200,210,210,POKEMON_TYPE_PSYCHIC,POKEMON_TYPE_GRASS,100.0,0,0.61,0.07625,5.0,0.625,0,20.0,0.65,BUDDY_NORMAL
252,TREECKO,,80,124,104,POKEMON_TYPE_GRASS,POKEMON_TYPE_NONE,0.2,0.1,0.51,0.06375,5.0,0.625,0,3.0,0.5,BUDDY_NORMAL
253,GROVYLE,,100,172,130,POKEMON_TYPE_GRASS,POKEMON_TYPE_NONE,0.1,0.07,0.89,0.11125,21.6,2.7,0,3.0,0.82,BUDDY_NORMAL
254,SCEPTILE,,140,223,180,POKEMON_TYPE_GRASS,POKEMON_TYPE_NONE,0.05,0.05,1.7,0.2125,52.2,6.525,0,3.0,1.7,BUDDY_BIG
255,TORCHIC,,90,130,92,POKEMON_TYPE_FIRE,POKEMON_TYPE_NONE,0.2,0.1,0.41,0.05125,2.5,0.3125,0,3.0,0.4,BUDDY_NORMAL
256,COMBUSKEN,,120,163,115,POKEMON_TYPE_FIRE,POKEMON_TYPE_FIGHTING,0.1,0.07,0.89,0.11125,19.5,2.4375,0,3.0,0.94,BUDDY_BIG
257,BLAZIKEN,,160,240,141,POKEMON_TYPE_FIRE,POKEMON_TYPE_FIGHTING,0.05,0.05,1.91,0.23875,52.0,6.5,0,3.0,1.76,BUDDY_BIG
258,MUDKIP,,100,126,93,POKEMON_TYPE_WATER,POKEMON_TYPE_NONE,0.2,0.1,0.41,0.05125,7.6,0.95,0,3.0,0.4,BUDDY_NORMAL
259,MARSHTOMP,,140,156,133,POKEMON_TYPE_WATER,POKEMON_TYPE_GROUND,0.1,0.07,0.71,0.08875,28.0,3.5,0,3.0,0.7,BUDDY_NORMAL
260,SWAMPERT,,200,208,175,POKEMON_TYPE_WATER,POKEMON_TYPE_GROUND,0.05,0.05,1.5,0.1875,81.9,10.2375,0,3.0,1.8,BUDDY_BIG
261,POOCHYENA,,70,96,63,POKEMON_TYPE_DARK,POKEMON_TYPE_NONE,0.5,0.2,0.51,0.06375,13.6,1.7,0,1.0,0.5,BUDDY_NORMAL
262,MIGHTYENA,,140,171,137,POKEMON_TYPE_DARK,POKEMON_TYPE_NONE,0.2,0.07,0.99,0.12375,37.0,4.625,0,1.0,1.0,BUDDY_NORMAL
263,ZIGZAGOON,,76,58,80,POKEMON_TYPE_NORMAL,POKEMON_TYPE_NONE,0.5,0.2,0.41,0.05125,17.5,2.1875,0,1.0,1.1,BUDDY_NORMAL
264,LINOONE,,156,142,128,POKEMON_TYPE_NORMAL,POKEMON_TYPE_NONE,0.2,0.07,0.51,0.06375,32.5,4.0625,0,1.0,1.8,BUDDY_NORMAL
265,WURMPLE,,90,75,61,POKEMON_TYPE_BUG,POKEMON_TYPE_NONE,0.5,0.2,0.3,0.0375,3.6,0.45,0,1.0,0.22,BUDDY_SHOULDER
266,SILCOON,,100,60,91,POKEMON_TYPE_BUG,POKEMON_TYPE_NONE,0.25,0.09,0.61,0.07625,10.0,1.25,0,1.0,0.39,BUDDY_NORMAL
267,BEAUTIFLY,,120,189,98,POKEMON_TYPE_BUG,POKEMON_TYPE_FLYING,0.125,0.06,0.99,0.12375,28.4,3.55,0,1.0,1.12,BUDDY_FLYING
268,CASCOON,,100,60,91,POKEMON_TYPE_BUG,POKEMON_TYPE_NONE,0.25,0.09,0.71,0.08875,11.5,1.4375,0,1.0,0.46,BUDDY_NORMAL
269,DUSTOX,,120,98,172,POKEMON_TYPE_BUG,POKEMON_TYPE_POISON,0.125,0.06,1.19,0.14875,31.6,3.95,0,1.0,1.3,BUDDY_FLYING
270,LOTAD,,80,71,86,POKEMON_TYPE_WATER,POKEMON_TYPE_GRASS,0.5,0.2,0.51,0.06375,2.6,0.325,0,3.0,0.4074074,BUDDY_BIG
271,LOMBRE,,120,112,128,POKEMON_TYPE_WATER,POKEMON_TYPE_GRASS,0.25,0.09,1.19,0.14875,32.5,4.0625,0,3.0,1.1086956,BUDDY_BIG
272,LUDICOLO,,160,173,191,POKEMON_TYPE_WATER,POKEMON_TYPE_GRASS,0.125,0.06,1.5,0.1875,55.0,6.875,0,3.0,1.9642857,BUDDY_BIG
273,SEEDOT,,80,71,86,POKEMON_TYPE_GRASS,POKEMON_TYPE_NONE,0.5,0.2,0.51,0.06375,4.0,0.5,0,3.0,0.5,BUDDY_NORMAL
274,NUZLEAF,,140,134,78,POKEMON_TYPE_GRASS,POKEMON_TYPE_DARK,0.25,0.09,0.99,0.12375,28.0,3.5,0,3.0,1.0,BUDDY_BIG
275,SHIFTRY,,180,200,121,POKEMON_TYPE_GRASS,POKEMON_TYPE_DARK,0.125,0.06,1.3,0.1625,59.6,7.45,0,3.0,1.2782608,BUDDY_BIG
276,TAILLOW,,80,106,61,POKEMON_TYPE_NORMAL,POKEMON_TYPE_FLYING,0.5,0.2,0.3,0.0375,2.3,0.2875,0,1.0,0.3,BUDDY_NORMAL
277,SWELLOW,,120,185,130,POKEMON_TYPE_NORMAL,POKEMON_TYPE_FLYING,0.2,0.07,0.71,0.08875,19.8,2.475,0,1.0,1.21,BUDDY_FLYING
278,WINGULL,,80,106,61,POKEMON_TYPE_WATER,POKEMON_TYPE_FLYING,0.5,0.2,0.61,0.07625,9.5,1.1875,0,3.0,1.7341464,BUDDY_FLYING
279,PELIPPER,,120,175,189,POKEMON_TYPE_WATER,POKEMON_TYPE_FLYING,0.2,0.07,1.19,0.14875,28.0,3.5,0,3.0,2.5828571,BUDDY_FLYING
280,RALTS,,56,79,63,POKEMON_TYPE_PSYCHIC,POKEMON_TYPE_FAIRY,0.4,0.09,0.41,0.05125,6.6,0.825,0,5.0,0.4,BUDDY_NORMAL
281,KIRLIA,,76,117,100,POKEMON_TYPE_PSYCHIC,POKEMON_TYPE_FAIRY,0.1,0.06,0.79,0.09875,20.2,2.525,0,5.0,0.94545454,BUDDY_NORMAL
282,GARDEVOIR,,136,237,220,POKEMON_TYPE_PSYCHIC,POKEMON_TYPE_FAIRY,0.05,0.05,1.6,0.2,48.4,6.05,0,5.0,1.7341464,BUDDY_BIG
283,SURSKIT,,80,93,97,POKEMON_TYPE_BUG,POKEMON_TYPE_WATER,0.5,0.2,0.51,0.06375,1.7,0.2125,0,1.0,0.5,BUDDY_NORMAL
284,MASQUERAIN,,140,192,161,POKEMON_TYPE_BUG,POKEMON_TYPE_FLYING,0.2,0.07,0.79,0.09875,3.6,0.45,0,1.0,0.75,BUDDY_FLYING
285,SHROOMISH,,120,74,110,POKEMON_TYPE_GRASS,POKEMON_TYPE_NONE,0.5,0.2,0.41,0.05125,4.5,0.5625,0,3.0,0.4,BUDDY_NORMAL
286,BRELOOM,,120,241,153,POKEMON_TYPE_GRASS,POKEMON_TYPE_FIGHTING,0.2,0.07,1.19,0.14875,39.2,4.9,0,3.0,1.2604166,BUDDY_BIG
287,SLAKOTH,,120,104,104,POKEMON_TYPE_NORMAL,POKEMON_TYPE_NONE,0.4,0.09,0.79,0.09875,24.0,3.0,0,5.0,0.8,BUDDY_BIG
288,VIGOROTH,,160,159,159,POKEMON_TYPE_NORMAL,POKEMON_TYPE_NONE,0.1,0.06,1.4,0.175,46.5,5.8125,0,5.0,1.5,BUDDY_BIG
289,SLAKING,,273,290,183,POKEMON_TYPE_NORMAL,POKEMON_TYPE_NONE,0.05,0.05,2.01,0.25125,130.5,16.3125,0,5.0,2.589041,BUDDY_BIG
290,NINCADA,,62,80,153,POKEMON_TYPE_BUG,POKEMON_TYPE_GROUND,0.2,0.1,0.51,0.06375,5.5,0.6875,0,5.0,0.5555556,BUDDY_NORMAL
291,NINJASK,,122,196,114,POKEMON_TYPE_BUG,POKEMON_TYPE_FLYING,0.1,0.07,0.79,0.09875,12.0,1.5,0,5.0,0.81391305,BUDDY_FLYING
292,SHEDINJA,,2,153,80,POKEMON_TYPE_BUG,POKEMON_TYPE_GHOST,0.05,0.05,0.79,0.09875,1.2,0.15,0,5.0,0.8449074,BUDDY_FLYING
293,WHISMUR,,128,92,42,POKEMON_TYPE_NORMAL,POKEMON_TYPE_NONE,0.5,0.2,0.61,0.07625,16.3,2.0375,0,1.0,0.6,BUDDY_NORMAL
294,LOUDRED,,168,134,81,POKEMON_TYPE_NORMAL,POKEMON_TYPE_NONE,0.25,0.09,0.99,0.12375,40.5,5.0625,0,1.0,1.0,BUDDY_BIG
295,EXPLOUD,,208,179,142,POKEMON_TYPE_NORMAL,POKEMON_TYPE_NONE,0.125,0.06,1.5,0.1875,84.0,10.5,0,1.0,1.5,BUDDY_BIG
296,MAKUHITA,,144,99,54,POKEMON_TYPE_FIGHTING,POKEMON_TYPE_NONE,0.5,0.1,0.99,0.12375,86.4,10.8,0,3.0,1.0,BUDDY_BIG
297,HARIYAMA,,288,209,114,POKEMON_TYPE_FIGHTING,POKEMON_TYPE_NONE,0.2,0.06,2.31,0.28875,253.8,31.725,0,3.0,2.3,BUDDY_BIG
298,AZURILL,,100,36,71,POKEMON_TYPE_NORMAL,POKEMON_TYPE_FAIRY,0.1,0.04,0.2,0.025,2.0,0.25,0,3.0,0.31,BUDDY_NORMAL
299,NOSEPASS,,60,82,236,POKEMON_TYPE_ROCK,POKEMON_TYPE_NONE,0.2,0.09,0.99,0.12375,97.0,12.125,0,3.0,1.0,BUDDY_BIG
300,SKITTY,,100,84,84,POKEMON_TYPE_NORMAL,POKEMON_TYPE_NONE,0.5,0.1,0.61,0.07625,11.0,1.375,0,3.0,0.6,BUDDY_NORMAL
301,DELCATTY,,140,132,132,POKEMON_TYPE_NORMAL,POKEMON_TYPE_NONE,0.2,0.06,1.09,0.13625,32.6,4.075,0,3.0,1.2604166,BUDDY_BIG
302,SABLEYE,,100,141,141,POKEMON_TYPE_DARK,POKEMON_TYPE_GHOST,0.2,0.07,0.51,0.06375,11.0,1.375,0,5.0,0.5,BUDDY_NORMAL
303,MAWILE,,100,155,155,POKEMON_TYPE_STEEL,POKEMON_TYPE_FAIRY,0.5,0.09,0.61,0.07625,11.5,1.4375,0,5.0,0.62,BUDDY_NORMAL
304,ARON,,100,121,168,POKEMON_TYPE_STEEL,POKEMON_TYPE_ROCK,0.5,0.2,0.41,0.05125,60.0,7.5,0,1.0,0.4,BUDDY_NORMAL
305,LAIRON,,120,158,240,POKEMON_TYPE_STEEL,POKEMON_TYPE_ROCK,0.25,0.09,0.89,0.11125,120.0,15.0,0,1.0,0.9,BUDDY_BIG
306,AGGRON,,140,198,314,POKEMON_TYPE_STEEL,POKEMON_TYPE_ROCK,0.125,0.06,2.11,0.26375,360.0,45.0,0,1.0,2.2,BUDDY_BIG
307,MEDITITE,,60,78,107,POKEMON_TYPE_FIGHTING,POKEMON_TYPE_PSYCHIC,0.5,0.1,0.61,0.07625,11.2,1.4,0,3.0,0.57,BUDDY_NORMAL
308,MEDICHAM,,120,121,152,POKEMON_TYPE_FIGHTING,POKEMON_TYPE_PSYCHIC,0.2,0.06,1.3,0.1625,31.5,3.9375,0,3.0,1.5113636,BUDDY_BIG
309,ELECTRIKE,,80,123,78,POKEMON_TYPE_ELECTRIC,POKEMON_TYPE_NONE,0.5,0.1,0.61,0.07625,15.2,1.9,0,3.0,1.02,BUDDY_BIG
310,MANECTRIC,,140,215,127,POKEMON_TYPE_ELECTRIC,POKEMON_TYPE_NONE,0.2,0.06,1.5,0.1875,40.2,5.025,0,3.0,1.6091954,BUDDY_BIG
311,PLUSLE,,120,167,147,POKEMON_TYPE_ELECTRIC,POKEMON_TYPE_NONE,0.3,0.09,0.41,0.05125,4.2,0.525,0,3.0,0.4,BUDDY_SHOULDER
312,MINUN,,120,147,167,POKEMON_TYPE_ELECTRIC,POKEMON_TYPE_NONE,0.3,0.09,0.41,0.05125,4.2,0.525,0,3.0,0.4,BUDDY_SHOULDER
313,VOLBEAT,,130,143,171,POKEMON_TYPE_BUG,POKEMON_TYPE_NONE,0.3,0.09,0.71,0.08875,17.7,2.2125,0,3.0,0.7,BUDDY_BIG
314,ILLUMISE,,130,143,171,POKEMON_TYPE_BUG,POKEMON_TYPE_NONE,0.3,0.09,0.61,0.07625,17.7,2.2125,0,3.0,0.6,BUDDY_BIG
315,ROSELIA,,100,186,148,POKEMON_TYPE_GRASS,POKEMON_TYPE_POISON,0.3,0.09,0.3,0.0375,2.0,0.25,0,3.0,0.35714287,BUDDY_NORMAL
316,GULPIN,,140,80,99,POKEMON_TYPE_POISON,POKEMON_TYPE_NONE,0.5,0.1,0.41,0.05125,10.3,1.2875,0,1.0,0.55,BUDDY_NORMAL
317,SWALOT,,200,140,159,POKEMON_TYPE_POISON,POKEMON_TYPE_NONE,0.2,0.06,1.7,0.2125,80.0,10.0,0,1.0,1.7,BUDDY_BIG
318,CARVANHA,,90,171,39,POKEMON_TYPE_WATER,POKEMON_TYPE_DARK,0.5,0.1,0.79,0.09875,20.8,2.6,0,3.0,0.86,BUDDY_BIG
319,SHARPEDO,,140,243,83,POKEMON_TYPE_WATER,POKEMON_TYPE_DARK,0.2,0.06,1.8,0.225,88.8,11.1,0,3.0,1.35,BUDDY_BIG
320,WAILMER,,260,136,68,POKEMON_TYPE_WATER,POKEMON_TYPE_NONE,0.5,0.1,2.01,0.25125,130.0,16.25,0,1.0,1.654054,BUDDY_BIG
321,WAILORD,,340,175,87,POKEMON_TYPE_WATER,POKEMON_TYPE_NONE,0.2,0.06,14.5,1.8125,398.0,49.75,0,1.0,7.0,BUDDY_BIG
322,NUMEL,,120,119,82,POKEMON_TYPE_FIRE,POKEMON_TYPE_GROUND,0.5,0.1,0.71,0.08875,24.0,3.0,0,3.0,0.7,BUDDY_NORMAL
323,CAMERUPT,,140,194,139,POKEMON_TYPE_FIRE,POKEMON_TYPE_GROUND,0.2,0.06,1.91,0.23875,220.0,27.5,0,3.0,1.8461539,BUDDY_BIG
324,TORKOAL,,140,151,234,POKEMON_TYPE_FIRE,POKEMON_TYPE_NONE,0.3,0.09,0.51,0.06375,80.4,10.05,0,3.0,0.82,BUDDY_NORMAL
325,SPOINK,,120,125,145,POKEMON_TYPE_PSYCHIC,POKEMON_TYPE_NONE,0.5,0.1,0.71,0.08875,30.6,3.825,0,1.0,0.768,BUDDY_NORMAL
326,GRUMPIG,,160,171,211,POKEMON_TYPE_PSYCHIC,POKEMON_TYPE_NONE,0.2,0.06,0.89,0.11125,71.5,8.9375,0,1.0,1.1490566,BUDDY_BIG
327,SPINDA,,120,116,116,POKEMON_TYPE_NORMAL,POKEMON_TYPE_NONE,0.3,0.09,1.09,0.13625,5.0,0.625,0,3.0,1.05,BUDDY_BIG
328,TRAPINCH,,90,162,78,POKEMON_TYPE_GROUND,POKEMON_TYPE_NONE,0.4,0.09,0.71,0.08875,15.0,1.875,0,5.0,0.65,BUDDY_NORMAL
329,VIBRAVA,,100,134,99,POKEMON_TYPE_GROUND,POKEMON_TYPE_DRAGON,0.1,0.06,1.09,0.13625,15.3,1.9125,0,5.0,1.1,BUDDY_FLYING
330,FLYGON,,160,205,168,POKEMON_TYPE_GROUND,POKEMON_TYPE_DRAGON,0.05,0.05,2.01,0.25125,82.0,10.25,0,5.0,2.0869565,BUDDY_FLYING
331,CACNEA,,100,156,74,POKEMON_TYPE_GRASS,POKEMON_TYPE_NONE,0.5,0.1,0.41,0.05125,51.3,6.4125,0,3.0,0.43,BUDDY_BIG
332,CACTURNE,,140,221,115,POKEMON_TYPE_GRASS,POKEMON_TYPE_DARK,0.2,0.06,1.3,0.1625,77.4,9.675,0,3.0,1.3736264,BUDDY_BIG
333,SWABLU,,90,76,139,POKEMON_TYPE_NORMAL,POKEMON_TYPE_FLYING,0.5,0.1,0.41,0.05125,1.2,0.15,0,1.0,1.39,BUDDY_FLYING
334,ALTARIA,,150,141,208,POKEMON_TYPE_DRAGON,POKEMON_TYPE_FLYING,0.2,0.06,1.09,0.13625,20.6,2.575,0,1.0,2.17,BUDDY_BIG
335,ZANGOOSE,,146,222,124,POKEMON_TYPE_NORMAL,POKEMON_TYPE_NONE,0.3,0.09,1.3,0.1625,40.3,5.0375,0,3.0,1.35,BUDDY_BIG
336,SEVIPER,,146,196,118,POKEMON_TYPE_POISON,POKEMON_TYPE_NONE,0.3,0.09,2.69,0.33625,52.5,6.5625,0,3.0,1.8344444,BUDDY_NORMAL
337,LUNATONE,,180,178,163,POKEMON_TYPE_ROCK,POKEMON_TYPE_PSYCHIC,0.3,0.09,0.99,0.12375,168.0,21.0,0,3.0,1.0,BUDDY_FLYING
338,SOLROCK,,180,178,163,POKEMON_TYPE_ROCK,POKEMON_TYPE_PSYCHIC,0.3,0.09,1.19,0.14875,154.0,19.25,0,3.0,1.2,BUDDY_FLYING
339,BARBOACH,,100,93,83,POKEMON_TYPE_WATER,POKEMON_TYPE_GROUND,0.5,0.1,0.41,0.05125,1.9,0.2375,0,1.0,0.4864865,BUDDY_NORMAL
340,WHISCASH,,220,151,142,POKEMON_TYPE_WATER,POKEMON_TYPE_GROUND,0.2,0.06,0.89,0.11125,23.6,2.95,0,1.0,1.1142857,BUDDY_BIG
341,CORPHISH,,86,141,113,POKEMON_TYPE_WATER,POKEMON_TYPE_NONE,0.5,0.1,0.61,0.07625,11.5,1.4375,0,3.0,0.56,BUDDY_NORMAL
342,CRAWDAUNT,,126,224,156,POKEMON_TYPE_WATER,POKEMON_TYPE_DARK,0.2,0.06,1.09,0.13625,32.8,4.1,0,3.0,1.2,BUDDY_BIG
343,BALTOY,,80,77,131,POKEMON_TYPE_GROUND,POKEMON_TYPE_PSYCHIC,0.5,0.1,0.51,0.06375,21.5,2.6875,0,3.0,0.5,BUDDY_NORMAL
344,CLAYDOL,,120,140,236,POKEMON_TYPE_GROUND,POKEMON_TYPE_PSYCHIC,0.2,0.06,1.5,0.1875,108.0,13.5,0,3.0,1.35,BUDDY_BIG
345,LILEEP,,132,105,154,POKEMON_TYPE_ROCK,POKEMON_TYPE_GRASS,0.5,0.1,0.99,0.12375,23.8,2.975,0,3.0,0.92,BUDDY_BIG
346,CRADILY,,172,152,198,POKEMON_TYPE_ROCK,POKEMON_TYPE_GRASS,0.2,0.06,1.5,0.1875,60.4,7.55,0,3.0,1.45,BUDDY_BIG
347,ANORITH,,90,176,100,POKEMON_TYPE_ROCK,POKEMON_TYPE_BUG,0.5,0.1,0.71,0.08875,12.5,1.5625,0,3.0,0.7,BUDDY_BIG
348,ARMALDO,,150,222,183,POKEMON_TYPE_ROCK,POKEMON_TYPE_BUG,0.2,0.06,1.5,0.1875,68.2,8.525,0,3.0,1.38,BUDDY_BIG
349,FEEBAS,,40,29,102,POKEMON_TYPE_WATER,POKEMON_TYPE_NONE,0.7,0.15,0.61,0.07625,7.4,0.925,0,5.0,0.6,BUDDY_NORMAL
350,MILOTIC,,190,192,242,POKEMON_TYPE_WATER,POKEMON_TYPE_NONE,0.1,0.07,6.2,0.775,162.0,20.25,0,5.0,2.3,BUDDY_BIG
351,CASTFORM,,140,139,139,POKEMON_TYPE_NORMAL,POKEMON_TYPE_NONE,0.3,0.1,0.3,0.0375,0.8,0.1,0,5.0,0.35,BUDDY_NORMAL
351,CASTFORM,CASTFORM_NORMAL,140,139,139,POKEMON_TYPE_NORMAL,POKEMON_TYPE_NONE,0.3,0.1,0.3,0.0375,0.8,0.1,0,5.0,0.35,BUDDY_NORMAL
351,CASTFORM,CASTFORM_RAINY,140,139,139,POKEMON_TYPE_WATER,POKEMON_TYPE_NONE,0.3,0.1,0.3,0.0375,0.8,0.1,0,5.0,0.35,BUDDY_NORMAL
351,CASTFORM,CASTFORM_SNOWY,140,139,139,POKEMON_TYPE_ICE,POKEMON_TYPE_NONE,0.3,0.1,0.3,0.0375,0.8,0.1,0,5.0,0.35,BUDDY_NORMAL
351,CASTFORM,CASTFORM_SUNNY,140,139,139,POKEMON_TYPE_FIRE,POKEMON_TYPE_NONE,0.3,0.1,0.3,0.0375,0.8,0.1,0,5.0,0.35,BUDDY_NORMAL
352,KECLEON,,120,161,212,POKEMON_TYPE_NORMAL,POKEMON_TYPE_NONE,0.3,0.1,0.99,0.12375,22.0,2.75,0,5.0,0.95,BUDDY_NORMAL
353,SHUPPET,,88,138,66,POKEMON_TYPE_GHOST,POKEMON_TYPE_NONE,0.4,0.1,0.61,0.07625,2.3,0.2875,0,3.0,0.64,BUDDY_NORMAL
354,BANETTE,,128,218,127,POKEMON_TYPE_GHOST,POKEMON_TYPE_NONE,0.2,0.07,1.09,0.13625,12.5,1.5625,0,3.0,1.08,BUDDY_BIG
355,DUSKULL,,40,70,162,POKEMON_TYPE_GHOST,POKEMON_TYPE_NONE,0.4,0.1,0.79,0.09875,15.0,1.875,0,3.0,0.8,BUDDY_BIG
356,DUSCLOPS,,80,124,234,POKEMON_TYPE_GHOST,POKEMON_TYPE_NONE,0.2,0.07,1.6,0.2,30.6,3.825,0,3.0,1.55,BUDDY_BIG
357,TROPIUS,,198,136,165,POKEMON_TYPE_GRASS,POKEMON_TYPE_FLYING,0.3,0.1,2.01,0.25125,100.0,12.5,0,5.0,3.09,BUDDY_BIG
358,CHIMECHO,,150,175,174,POKEMON_TYPE_PSYCHIC,POKEMON_TYPE_NONE,0.3,0.1,0.61,0.07625,1.0,0.125,0,5.0,0.58,BUDDY_NORMAL
359,ABSOL,,130,246,120,POKEMON_TYPE_DARK,POKEMON_TYPE_NONE,0.5,0.1,1.19,0.14875,47.0,5.875,0,5.0,1.3043479,BUDDY_NORMAL
360,WYNAUT,,190,41,86,POKEMON_TYPE_PSYCHIC,POKEMON_TYPE_NONE,0.3,0.1,0.61,0.07625,14.0,1.75,0,3.0,0.59583336,BUDDY_BIG
361,SNORUNT,,100,95,95,POKEMON_TYPE_ICE,POKEMON_TYPE_NONE,0.5,0.1,0.71,0.08875,16.8,2.1,0,3.0,0.6581197,BUDDY_NORMAL
362,GLALIE,,160,162,162,POKEMON_TYPE_ICE,POKEMON_TYPE_NONE,0.2,0.06,1.5,0.1875,256.5,32.0625,0,3.0,1.5,BUDDY_BIG
363,SPHEAL,,140,95,90,POKEMON_TYPE_ICE,POKEMON_TYPE_WATER,0.5,0.1,0.79,0.09875,39.5,4.9375,0,3.0,0.8,BUDDY_BIG
364,SEALEO,,180,137,132,POKEMON_TYPE_ICE,POKEMON_TYPE_WATER,0.25,0.07,1.09,0.13625,87.6,10.95,0,3.0,0.84705883,BUDDY_BIG
365,WALREIN,,220,182,176,POKEMON_TYPE_ICE,POKEMON_TYPE_WATER,0.125,0.05,1.4,0.175,150.6,18.825,0,3.0,1.3876405,BUDDY_BIG
366,CLAMPERL,,70,133,149,POKEMON_TYPE_WATER,POKEMON_TYPE_NONE,0.5,0.1,0.41,0.05125,52.5,6.5625,0,3.0,0.4,BUDDY_NORMAL
367,HUNTAIL,,110,197,194,POKEMON_TYPE_WATER,POKEMON_TYPE_NONE,0.2,0.06,1.7,0.2125,27.0,3.375,0,3.0,2.1465116,BUDDY_BIG
368,GOREBYSS,,110,211,194,POKEMON_TYPE_WATER,POKEMON_TYPE_NONE,0.2,0.06,1.8,0.225,22.6,2.825,0,3.0,2.009091,BUDDY_BIG
369,RELICANTH,,200,162,234,POKEMON_TYPE_WATER,POKEMON_TYPE_ROCK,0.9,0.01,0.99,0.12375,23.4,2.925,0,5.0,0.92,BUDDY_BIG
370,LUVDISC,,86,81,134,POKEMON_TYPE_WATER,POKEMON_TYPE_NONE,0.3,0.1,0.61,0.07625,8.7,1.0875,0,3.0,0.6,BUDDY_NORMAL
371,BAGON,,90,134,107,POKEMON_TYPE_DRAGON,POKEMON_TYPE_NONE,0.4,0.09,0.61,0.07625,42.1,5.2625,0,5.0,0.65,BUDDY_NORMAL
372,SHELGON,,130,172,179,POKEMON_TYPE_DRAGON,POKEMON_TYPE_NONE,0.1,0.06,1.09,0.13625,110.5,13.8125,0,5.0,1.1,BUDDY_BIG
373,SALAMENCE,,190,277,168,POKEMON_TYPE_DRAGON,POKEMON_TYPE_FLYING,0.05,0.05,1.5,0.1875,102.6,12.825,0,5.0,1.6,BUDDY_BIG
374,BELDUM,,80,96,141,POKEMON_TYPE_STEEL,POKEMON_TYPE_PSYCHIC,0.4,0.09,0.61,0.07625,95.2,11.9,0,5.0,0.61,BUDDY_NORMAL
375,METANG,,120,138,185,POKEMON_TYPE_STEEL,POKEMON_TYPE_PSYCHIC,0.1,0.06,1.19,0.14875,202.5,25.3125,0,5.0,1.53,BUDDY_BIG
376,METAGROSS,,160,257,247,POKEMON_TYPE_STEEL,POKEMON_TYPE_PSYCHIC,0.05,0.05,1.6,0.2,550.0,68.75,0,5.0,2.6,BUDDY_BIG
377,REGIROCK,,160,179,356,POKEMON_TYPE_ROCK,POKEMON_TYPE_NONE,0.02,0.01,1.7,0.2125,230.0,28.75,0,20.0,1.7,BUDDY_BIG
378,REGICE,,160,179,356,POKEMON_TYPE_ICE,POKEMON_TYPE_NONE,0.02,0.01,1.8,0.225,175.0,21.875,0,20.0,1.8,BUDDY_BIG
379,REGISTEEL,,160,143,285,POKEMON_TYPE_STEEL,POKEMON_TYPE_NONE,0.02,0.01,1.91,0.23875,205.0,25.625,0,20.0,1.5,BUDDY_BIG
380,LATIAS,,160,228,268,POKEMON_TYPE_DRAGON,POKEMON_TYPE_PSYCHIC,0.02,0.01,1.4,0.175,40.0,5.0,0,20.0,1.5225806,BUDDY_FLYING
381,LATIOS,,160,268,228,POKEMON_TYPE_DRAGON,POKEMON_TYPE_PSYCHIC,0.02,0.01,2.01,0.25125,60.0,7.5,0,20.0,1.92,BUDDY_FLYING
382,KYOGRE,,182,270,251,POKEMON_TYPE_WATER,POKEMON_TYPE_NONE,0.02,0.01,4.5,0.5625,352.0,44.0,0,20.0,1.0,BUDDY_BIG
383,GROUDON,,182,270,251,POKEMON_TYPE_GROUND,POKEMON_TYPE_NONE,0.02,0.01,3.51,0.43875,950.0,118.75,0,20.0,3.0,BUDDY_BIG
384,RAYQUAZA,,191,284,170,POKEMON_TYPE_DRAGON,POKEMON_TYPE_FLYING,0.02,0.01,7.01,0.87625,206.5,25.8125,0,20.0,3.76,BUDDY_BIG
385,JIRACHI,,200,210,210,POKEMON_TYPE_STEEL,POKEMON_TYPE_PSYCHIC,0.02,0.01,0.3,0.0375,1.1,0.1375,0,20.0,0.3,BUDDY_NORMAL
386,DEOXYS,,100,345,115,POKEMON_TYPE_PSYCHIC,POKEMON_TYPE_NONE,0.06,0.01,1.7,0.2125,60.8,7.6,0,20.0,1.55,BUDDY_BIG
386,DEOXYS,DEOXYS_ATTACK,100,414,46,POKEMON_TYPE_PSYCHIC,POKEMON_TYPE_NONE,0.06,0.01,1.7,0.2125,60.8,7.6,0,20.0,1.55,BUDDY_BIG
386,DEOXYS,DEOXYS_DEFENSE,100,144,330,POKEMON_TYPE_PSYCHIC,POKEMON_TYPE_NONE,0.06,0.01,1.7,0.2125,60.8,7.6,0,20.0,1.55,BUDDY_BIG
386,DEOXYS,DEOXYS_NORMAL,100,345,115,POKEMON_TYPE_PSYCHIC,POKEMON_TYPE_NONE,0.06,0.01,1.7,0.2125,60.8,7.6,0,20.0,1.55,BUDDY_BIG
386,DEOXYS,DEOXYS_SPEED,100,230,218,POKEMON_TYPE_PSYCHIC,POKEMON_TYPE_NONE,0.06,0.01,1.7,0.2125,60.8,7.6,0,20.0,1.55,BUDDY_BIG
387,TURTWIG,,146,119,110,POKEMON_TYPE_GRASS,POKEMON_TYPE_NONE,0.2,0.1,0.4,0.05,10.2,1.275,25,3.0,0.4,BUDDY_NORMAL
388,GROTLE,,181,157,143,POKEMON_TYPE_GRASS,POKEMON_TYPE_NONE,0.1,0.07,1.1,0.1375,97.0,12.125,25,3.0,1.1,BUDDY_BIG
389,TORTERRA,,216,202,188,POKEMON_TYPE_GRASS,POKEMON_TYPE_GROUND,0.05,0.05,2.2,0.275,310.0,38.75,25,3.0,2.2,BUDDY_BIG
390,CHIMCHAR,,127,113,86,POKEMON_TYPE_FIRE,POKEMON_TYPE_NONE,0.2,0.1,0.5,0.0625,6.2,0.775,25,3.0,0.48,BUDDY_NORMAL
391,MONFERNO,,162,158,105,POKEMON_TYPE_FIRE,POKEMON_TYPE_FIGHTING,0.1,0.07,0.9,0.1125,22.0,2.75,25,3.0,0.9,BUDDY_BIG
392,INFERNAPE,,183,222,151,POKEMON_TYPE_FIRE,POKEMON_TYPE_FIGHTING,0.05,0.05,1.2,0.15,55.0,6.875,25,3.0,1.28,BUDDY_BIG
393,PIPLUP,,142,112,102,POKEMON_TYPE_WATER,POKEMON_TYPE_NONE,0.2,0.1,0.4,0.05,5.2,0.65,25,3.0,0.4,BUDDY_NORMAL
394,PRINPLUP,,162,150,139,POKEMON_TYPE_WATER,POKEMON_TYPE_NONE,0.1,0.07,0.8,0.1,23.0,2.875,25,3.0,0.8,BUDDY_BIG
395,EMPOLEON,,197,210,186,POKEMON_TYPE_WATER,POKEMON_TYPE_STEEL,0.05,0.05,1.7,0.2125,84.5,10.5625,25,3.0,1.7,BUDDY_BIG
396,STARLY,,120,101,58,POKEMON_TYPE_NORMAL,POKEMON_TYPE_FLYING,0.5,0.2,0.3,0.0375,2.0,0.25,25,1.0,0.32,BUDDY_NORMAL
397,STARAVIA,,146,142,94,POKEMON_TYPE_NORMAL,POKEMON_TYPE_FLYING,0.25,0.09,0.6,0.075,15.5,1.9375,25,1.0,0.97,BUDDY_FLYING
398,STARAPTOR,,198,234,140,POKEMON_TYPE_NORMAL,POKEMON_TYPE_FLYING,0.125,0.06,1.2,0.15,24.9,3.1125,25,1.0,2.34,BUDDY_FLYING
399,BIDOOF,,153,80,73,POKEMON_TYPE_NORMAL,POKEMON_TYPE_NONE,0.5,0.2,0.5,0.0625,20.0,2.5,25,1.0,0.5,BUDDY_NORMAL
400,BIBAREL,,188,162,119,POKEMON_TYPE_NORMAL,POKEMON_TYPE_WATER,0.2,0.07,1.0,0.125,31.5,3.9375,25,1.0,1.0,BUDDY_NORMAL
401,KRICKETOT,,114,45,74,POKEMON_TYPE_BUG,POKEMON_TYPE_NONE,0.5,0.2,0.3,0.0375,2.2,0.275,25,1.0,0.31,BUDDY_NORMAL
402,KRICKETUNE,,184,160,100,POKEMON_TYPE_BUG,POKEMON_TYPE_NONE,0.2,0.07,1.0,0.125,25.5,3.1875,25,1.0,1.0,BUDDY_BIG
403,SHINX,,128,117,64,POKEMON_TYPE_ELECTRIC,POKEMON_TYPE_NONE,0.5,0.1,0.5,0.0625,9.5,1.1875,25,5.0,0.5,BUDDY_NORMAL
404,LUXIO,,155,159,95,POKEMON_TYPE_ELECTRIC,POKEMON_TYPE_NONE,0.25,0.07,0.9,0.1125,30.5,3.8125,25,5.0,0.9,BUDDY_NORMAL
405,LUXRAY,,190,232,156,POKEMON_TYPE_ELECTRIC,POKEMON_TYPE_NONE,0.125,0.05,1.4,0.175,42.0,5.25,25,5.0,1.4,BUDDY_BIG
406,BUDEW,,120,91,109,POKEMON_TYPE_GRASS,POKEMON_TYPE_POISON,0.1,0.04,0.2,0.025,1.2,0.15,25,3.0,0.2,BUDDY_NORMAL
407,ROSERADE,,155,243,185,POKEMON_TYPE_GRASS,POKEMON_TYPE_POISON,0.15,0.07,0.9,0.1125,14.5,1.8125,25,3.0,0.9,BUDDY_NORMAL
408,CRANIDOS,,167,218,71,POKEMON_TYPE_ROCK,POKEMON_TYPE_ROCK,0.5,0.1,0.9,0.1125,31.5,3.9375,25,1.0,0.8,BUDDY_NORMAL
409,RAMPARDOS,,219,295,109,POKEMON_TYPE_ROCK,POKEMON_TYPE_ROCK,0.2,0.06,1.6,0.2,102.5,12.8125,25,5.0,1.43,BUDDY_NORMAL
410,SHIELDON,,102,76,195,POKEMON_TYPE_ROCK,POKEMON_TYPE_STEEL,0.5,0.1,0.5,0.0625,57.0,7.125,25,5.0,0.5,BUDDY_NORMAL
411,BASTIODON,,155,94,286,POKEMON_TYPE_ROCK,POKEMON_TYPE_STEEL,0.2,0.06,1.3,0.1625,149.5,18.6875,25,5.0,1.3,BUDDY_NORMAL
412,BURMY,,120,53,83,POKEMON_TYPE_BUG,POKEMON_TYPE_NONE,0.5,0.2,0.2,0.025,3.4,0.425,25,5.0,0.34,BUDDY_NORMAL
413,WORMADAM,,155,141,180,POKEMON_TYPE_BUG,POKEMON_TYPE_GRASS,0.15,0.07,0.5,0.0625,6.5,0.8125,25,1.0,0.5,BUDDY_NORMAL
413,WORMADAM,WORMADAM_PLANT,155,141,180,POKEMON_TYPE_BUG,POKEMON_TYPE_GRASS,0.15,0.07,0.5,0.0625,6.5,0.8125,25,1.0,0.5,BUDDY_NORMAL
413,WORMADAM,WORMADAM_SANDY,155,141,180,POKEMON_TYPE_BUG,POKEMON_TYPE_GROUND,0.15,0.07,0.5,0.0625,6.5,0.8125,25,1.0,0.5,BUDDY_NORMAL
413,WORMADAM,WORMADAM_TRASH,155,127,175,POKEMON_TYPE_BUG,POKEMON_TYPE_STEEL,0.15,0.07,0.5,0.0625,6.5,0.8125,25,1.0,0.5,BUDDY_NORMAL
414,MOTHIM,,172,185,98,POKEMON_TYPE_BUG,POKEMON_TYPE_FLYING,0.15,0.07,0.9,0.1125,23.3,2.9125,25,1.0,0.9,BUDDY_NORMAL
415,COMBEE,,102,59,83,POKEMON_TYPE_BUG,POKEMON_TYPE_FLYING,0.15,0.07,0.3,0.0375,5.5,0.6875,25,3.0,0.3,BUDDY_NORMAL
416,VESPIQUEN,,172,149,190,POKEMON_TYPE_BUG,POKEMON_TYPE_FLYING,0.15,0.07,1.2,0.15,38.5,4.8125,25,3.0,1.27,BUDDY_NORMAL
417,PACHIRISU,,155,94,172,POKEMON_TYPE_ELECTRIC,POKEMON_TYPE_NONE,0.3,0.09,0.4,0.05,3.9,0.4875,25,5.0,0.4,BUDDY_NORMAL
418,BUIZEL,,146,132,67,POKEMON_TYPE_WATER,POKEMON_TYPE_NONE,0.5,0.1,0.7,0.0875,29.5,3.6875,25,3.0,0.7,BUDDY_NORMAL
419,FLOATZEL,,198,221,114,POKEMON_TYPE_WATER,POKEMON_TYPE_NONE,0.2,0.06,1.1,0.1375,33.5,4.1875,25,3.0,1.1,BUDDY_NORMAL
420,CHERUBI,,128,108,92,POKEMON_TYPE_GRASS,POKEMON_TYPE_NONE,0.5,0.09,0.4,0.05,3.3,0.4125,25,3.0,0.4,BUDDY_NORMAL
421,CHERRIM,,172,170,153,POKEMON_TYPE_GRASS,POKEMON_TYPE_NONE,0.1,0.07,0.5,0.0625,9.3,1.1625,25,3.0,0.5,BUDDY_NORMAL
421,CHERRIM,CHERRIM_OVERCAST,172,170,153,POKEMON_TYPE_GRASS,POKEMON_TYPE_NONE,0.1,0.07,0.5,0.0625,9.3,1.1625,25,3.0,0.51,BUDDY_NORMAL
421,CHERRIM,CHERRIM_SUNNY,172,170,153,POKEMON_TYPE_GRASS,POKEMON_TYPE_NONE,0.1,0.07,0.5,0.0625,9.3,1.1625,25,3.0,0.5,BUDDY_NORMAL
422,SHELLOS,,183,103,105,POKEMON_TYPE_WATER,POKEMON_TYPE_NONE,0.5,0.1,0.3,0.0375,6.3,0.7875,25,5.0,0.3,BUDDY_NORMAL
422,SHELLOS,SHELLOS_EAST_SEA,183,103,105,POKEMON_TYPE_WATER,POKEMON_TYPE_NONE,0.5,0.1,0.3,0.0375,6.3,0.7875,25,5.0,0.3,BUDDY_NORMAL
422,SHELLOS,SHELLOS_WEST_SEA,183,103,105,POKEMON_TYPE_WATER,POKEMON_TYPE_NONE,0.5,0.1,0.3,0.0375,6.3,0.7875,25,5.0,0.3,BUDDY_NORMAL
423,GASTRODON,,244,169,143,POKEMON_TYPE_WATER,POKEMON_TYPE_GROUND,0.2,0.06,0.9,0.1125,29.9,3.7375,25,5.0,0.9,BUDDY_NORMAL
423,GASTRODON,GASTRODON_EAST_SEA,244,169,143,POKEMON_TYPE_WATER,POKEMON_TYPE_GROUND,0.2,0.06,0.9,0.1125,29.9,3.7375,25,5.0,0.9,BUDDY_NORMAL
423,GASTRODON,GASTRODON_WEST_SEA,244,169,143,POKEMON_TYPE_WATER,POKEMON_TYPE_GROUND,0.2,0.06,0.9,0.1125,29.9,3.7375,25,5.0,0.9,BUDDY_NORMAL
424,AMBIPOM,,181,205,143,POKEMON_TYPE_NORMAL,POKEMON_TYPE_NONE,0.2,0.06,1.2,0.15,20.3,2.5375,25,1.0,1.27,BUDDY_NORMAL
425,DRIFLOON,,207,117,80,POKEMON_TYPE_GHOST,POKEMON_TYPE_FLYING,0.4,0.1,0.4,0.05,1.2,0.15,25,5.0,0.76,BUDDY_NORMAL
426,DRIFBLIM,,312,180,102,POKEMON_TYPE_GHOST,POKEMON_TYPE_FLYING,0.2,0.07,1.2,0.15,15.0,1.875,25,5.0,1.66,BUDDY_FLYING
427,BUNEARY,,146,130,105,POKEMON_TYPE_NORMAL,POKEMON_TYPE_NONE,0.5,0.1,0.4,0.05,5.5,0.6875,25,3.0,0.4,BUDDY_NORMAL
428,LOPUNNY,,163,156,194,POKEMON_TYPE_NORMAL,POKEMON_TYPE_NONE,0.2,0.06,1.2,0.15,33.3,4.1625,25,3.0,1.13,BUDDY_BIG
429,MISMAGIUS,,155,211,187,POKEMON_TYPE_GHOST,POKEMON_TYPE_NONE,0.1,0.07,0.9,0.1125,4.4,0.55,25,1.0,0.9,BUDDY_NORMAL
430,HONCHKROW,,225,243,103,POKEMON_TYPE_DARK,POKEMON_TYPE_FLYING,0.1,0.07,0.9,0.1125,27.3,3.4125,25,3.0,1.65,BUDDY_NORMAL
431,GLAMEOW,,135,109,82,POKEMON_TYPE_NORMAL,POKEMON_TYPE_NONE,0.4,0.1,0.5,0.0625,3.9,0.4875,25,3.0,0.5,BUDDY_NORMAL
432,PURUGLY,,174,172,133,POKEMON_TYPE_NORMAL,POKEMON_TYPE_NONE,0.15,0.08,1.0,0.125,43.8,5.475,25,3.0,1.0,BUDDY_NORMAL
433,CHINGLING,,128,114,94,POKEMON_TYPE_PSYCHIC,POKEMON_TYPE_NONE,0.1,0.04,0.2,0.025,0.6,0.075,25,1.0,0.3,BUDDY_NORMAL
434,STUNKY,,160,121,90,POKEMON_TYPE_POISON,POKEMON_TYPE_DARK,0.5,0.1,0.4,0.05,19.2,2.4,25,3.0,0.7,BUDDY_NORMAL
435,SKUNTANK,,230,184,132,POKEMON_TYPE_POISON,POKEMON_TYPE_DARK,0.2,0.06,1.0,0.125,38.0,4.75,25,3.0,1.0,BUDDY_BIG
436,BRONZOR,,149,43,154,POKEMON_TYPE_STEEL,POKEMON_TYPE_PSYCHIC,0.5,0.1,0.5,0.0625,60.5,7.5625,25,3.0,0.5,BUDDY_NORMAL
437,BRONZONG,,167,161,213,POKEMON_TYPE_STEEL,POKEMON_TYPE_PSYCHIC,0.2,0.06,1.3,0.1625,187.0,23.375,25,3.0,1.3,BUDDY_NORMAL
438,BONSLY,,137,124,133,POKEMON_TYPE_ROCK,POKEMON_TYPE_NONE,0.1,0.04,0.5,0.0625,15.0,1.875,25,1.0,0.5,BUDDY_NORMAL
439,MIME_JR,,85,125,142,POKEMON_TYPE_PSYCHIC,POKEMON_TYPE_FAIRY,0.1,0.04,0.6,0.075,13.0,1.625,25,1.0,0.88,BUDDY_NORMAL
440,HAPPINY,,225,25,77,POKEMON_TYPE_NORMAL,POKEMON_TYPE_NONE,0.1,0.04,0.6,0.075,24.4,3.05,25,5.0,0.6,BUDDY_NORMAL
441,CHATOT,,183,183,91,POKEMON_TYPE_NORMAL,POKEMON_TYPE_FLYING,0.3,0.09,0.5,0.0625,1.9,0.2375,25,5.0,0.5,BUDDY_NORMAL
442,SPIRITOMB,,137,169,199,POKEMON_TYPE_GHOST,POKEMON_TYPE_DARK,0.1,0.04,1.0,0.125,108.0,13.5,25,5.0,1.43,BUDDY_BIG
443,GIBLE,,151,124,84,POKEMON_TYPE_DRAGON,POKEMON_TYPE_GROUND,0.4,0.09,0.7,0.0875,20.5,2.5625,25,5.0,0.72,BUDDY_NORMAL
444,GABITE,,169,172,125,POKEMON_TYPE_DRAGON,POKEMON_TYPE_GROUND,0.1,0.06,1.4,0.175,56.0,7.0,25,5.0,1.3,BUDDY_NORMAL
445,GARCHOMP,,239,261,193,POKEMON_TYPE_DRAGON,POKEMON_TYPE_GROUND,0.05,0.05,1.9,0.2375,95.0,11.875,25,5.0,1.95,BUDDY_NORMAL
446,MUNCHLAX,,286,137,117,POKEMON_TYPE_NORMAL,POKEMON_TYPE_NONE,0.1,0.04,0.6,0.075,105.0,13.125,25,5.0,0.6,BUDDY_NORMAL
447,RIOLU,,120,127,78,POKEMON_TYPE_FIGHTING,POKEMON_TYPE_NONE,0,0.2,0.7,0.0875,20.2,2.525,25,5.0,0.7,BUDDY_NORMAL
448,LUCARIO,,172,236,144,POKEMON_TYPE_FIGHTING,POKEMON_TYPE_STEEL,0.1,0.05,1.2,0.15,54.0,6.75,25,5.0,1.25,BUDDY_NORMAL
449,HIPPOPOTAS,,169,124,118,POKEMON_TYPE_GROUND,POKEMON_TYPE_NONE,0.4,0.1,0.8,0.1,49.5,6.1875,25,1.0,1.3,BUDDY_NORMAL
450,HIPPOWDON,,239,201,191,POKEMON_TYPE_GROUND,POKEMON_TYPE_NONE,0.15,0.08,2.0,0.25,300.0,37.5,25,1.0,3.8,BUDDY_NORMAL
451,SKORUPI,,120,93,151,POKEMON_TYPE_POISON,POKEMON_TYPE_BUG,0.4,0.1,0.8,0.1,12.0,1.5,25,5.0,0.8,BUDDY_NORMAL
452,DRAPION,,172,180,202,POKEMON_TYPE_POISON,POKEMON_TYPE_DARK,0.15,0.08,1.3,0.1625,61.5,7.6875,25,5.0,1.2,BUDDY_NORMAL
453,CROAGUNK,,134,116,76,POKEMON_TYPE_POISON,POKEMON_TYPE_FIGHTING,0.4,0.12,0.7,0.0875,23.0,2.875,25,3.0,0.6,BUDDY_NORMAL
454,TOXICROAK,,195,211,133,POKEMON_TYPE_POISON,POKEMON_TYPE_FIGHTING,0.15,0.07,1.3,0.1625,44.4,5.55,25,3.0,1.2,BUDDY_NORMAL
455,CARNIVINE,,179,187,136,POKEMON_TYPE_GRASS,POKEMON_TYPE_NONE,0.9,0.01,1.4,0.175,27.0,3.375,25,5.0,1.44,BUDDY_FLYING
456,FINNEON,,135,96,116,POKEMON_TYPE_WATER,POKEMON_TYPE_NONE,0.5,0.1,0.4,0.05,7.0,0.875,25,3.0,0.4,BUDDY_NORMAL
457,LUMINEON,,170,142,170,POKEMON_TYPE_WATER,POKEMON_TYPE_NONE,0.2,0.06,1.2,0.15,24.0,3.0,25,3.0,1.2,BUDDY_NORMAL
458,MANTYKE,,128,105,179,POKEMON_TYPE_WATER,POKEMON_TYPE_FLYING,0.1,0.04,1.0,0.125,65.0,8.125,25,3.0,0.92,BUDDY_NORMAL
459,SNOVER,,155,115,105,POKEMON_TYPE_ICE,POKEMON_TYPE_GRASS,0.3,0.1,1.0,0.125,50.5,6.3125,25,3.0,1.0,BUDDY_NORMAL
460,ABOMASNOW,,207,178,158,POKEMON_TYPE_ICE,POKEMON_TYPE_GRASS,0.125,0.06,2.2,0.275,135.5,16.9375,25,3.0,2.17,BUDDY_NORMAL
461,WEAVILE,,172,243,171,POKEMON_TYPE_DARK,POKEMON_TYPE_ICE,0.15,0.09,1.1,0.1375,34.0,4.25,25,3.0,1.01,BUDDY_NORMAL
462,MAGNEZONE,,172,238,205,POKEMON_TYPE_ELECTRIC,POKEMON_TYPE_STEEL,0.125,0.05,1.2,0.15,180.0,22.5,25,3.0,1.56,BUDDY_NORMAL
463,LICKILICKY,,242,161,181,POKEMON_TYPE_NORMAL,POKEMON_TYPE_NONE,0.15,0.09,1.7,0.2125,140.0,17.5,25,3.0,1.7,BUDDY_NORMAL
464,RHYPERIOR,,251,241,190,POKEMON_TYPE_GROUND,POKEMON_TYPE_ROCK,0.05,0.05,2.4,0.3,282.8,35.35,25,3.0,2.7,BUDDY_NORMAL
465,TANGROWTH,,225,207,184,POKEMON_TYPE_GRASS,POKEMON_TYPE_NONE,0.15,0.1,2.0,0.25,128.6,16.075,25,3.0,2.05,BUDDY_NORMAL
466,ELECTIVIRE,,181,249,163,POKEMON_TYPE_ELECTRIC,POKEMON_TYPE_NONE,0.15,0.1,1.8,0.225,138.6,17.325,25,3.0,1.75,BUDDY_NORMAL
467,MAGMORTAR,,181,247,172,POKEMON_TYPE_FIRE,POKEMON_TYPE_NONE,0.15,0.1,1.6,0.2,68.0,8.5,25,3.0,1.75,BUDDY_NORMAL
468,TOGEKISS,,198,225,217,POKEMON_TYPE_FAIRY,POKEMON_TYPE_FLYING,0.01,0.05,1.5,0.1875,38.0,4.75,25,1.0,1.25,BUDDY_NORMAL
469,YANMEGA,,200,231,156,POKEMON_TYPE_BUG,POKEMON_TYPE_FLYING,0.175,0.05,1.9,0.2375,51.5,6.4375,25,1.0,1.8,BUDDY_NORMAL
470,LEAFEON,,163,216,219,POKEMON_TYPE_GRASS,POKEMON_TYPE_NONE,0.125,0.06,1.0,0.125,25.5,3.1875,25,3.0,0.91,BUDDY_NORMAL
471,GLACEON,,163,238,205,POKEMON_TYPE_ICE,POKEMON_TYPE_NONE,0.125,0.06,0.8,0.1,25.9,3.2375,25,3.0,0.8,BUDDY_NORMAL
472,GLISCOR,,181,185,222,POKEMON_TYPE_GROUND,POKEMON_TYPE_FLYING,0.125,0.09,2.0,0.25,42.5,5.3125,25,3.0,1.57,BUDDY_NORMAL
473,MAMOSWINE,,242,247,146,POKEMON_TYPE_ICE,POKEMON_TYPE_GROUND,0.05,0.05,2.5,0.3125,291.0,36.375,25,1.0,3.82,BUDDY_NORMAL
474,PORYGON_Z,,198,264,150,POKEMON_TYPE_NORMAL,POKEMON_TYPE_NONE,0.05,0.05,0.9,0.1125,34.0,4.25,25,3.0,0.9,BUDDY_NORMAL
475,GALLADE,,169,237,195,POKEMON_TYPE_PSYCHIC,POKEMON_TYPE_FIGHTING,0.5,0.05,1.6,0.2,52.0,6.5,25,5.0,1.8,BUDDY_NORMAL
476,PROBOPASS,,155,135,275,POKEMON_TYPE_ROCK,POKEMON_TYPE_STEEL,0.1,0.07,1.4,0.175,340.0,42.5,25,3.0,1.4,BUDDY_NORMAL
477,DUSKNOIR,,128,180,254,POKEMON_TYPE_GHOST,POKEMON_TYPE_NONE,0.1,0.05,2.2,0.275,106.6,13.325,25,3.0,2.2,BUDDY_NORMAL
478,FROSLASS,,172,171,150,POKEMON_TYPE_ICE,POKEMON_TYPE_GHOST,0.2,0.07,1.3,0.1625,26.6,3.325,25,3.0,1.37,BUDDY_NORMAL
479,ROTOM,,137,185,159,POKEMON_TYPE_ELECTRIC,POKEMON_TYPE_GHOST,0.3,0.1,0.3,0.0375,0.3,0.0375,25,5.0,0.27,BUDDY_NORMAL
479,ROTOM,ROTOM_FAN,137,204,219,POKEMON_TYPE_ELECTRIC,POKEMON_TYPE_FLYING,0.3,0.1,0.3,0.0375,0.3,0.0375,25,5.0,0.3,BUDDY_NORMAL
479,ROTOM,ROTOM_FROST,137,204,219,POKEMON_TYPE_ELECTRIC,POKEMON_TYPE_ICE,0.3,0.1,0.3,0.0375,0.3,0.0375,25,5.0,0.39,BUDDY_NORMAL
479,ROTOM,ROTOM_HEAT,137,204,219,POKEMON_TYPE_ELECTRIC,POKEMON_TYPE_FIRE,0.3,0.1,0.3,0.0375,0.3,0.0375,25,5.0,0.27,BUDDY_NORMAL
479,ROTOM,ROTOM_MOW,137,204,219,POKEMON_TYPE_ELECTRIC,POKEMON_TYPE_GRASS,0.3,0.1,0.3,0.0375,0.3,0.0375,25,5.0,0.3,BUDDY_NORMAL
479,ROTOM,ROTOM_NORMAL,137,185,159,POKEMON_TYPE_ELECTRIC,POKEMON_TYPE_GHOST,0.3,0.1,0.3,0.0375,0.3,0.0375,25,5.0,0.35,BUDDY_NORMAL
479,ROTOM,ROTOM_WASH,137,204,219,POKEMON_TYPE_ELECTRIC,POKEMON_TYPE_WATER,0.3,0.1,0.3,0.0375,0.3,0.0375,25,5.0,0.35,BUDDY_NORMAL
480,UXIE,,181,156,270,POKEMON_TYPE_PSYCHIC,POKEMON_TYPE_NONE,0.02,0.04,0.3,0.0375,0.3,0.0375,25,20.0,0.3,BUDDY_NORMAL
481,MESPRIT,,190,212,212,POKEMON_TYPE_PSYCHIC,POKEMON_TYPE_NONE,0.02,0.04,0.3,0.0375,0.3,0.0375,25,20.0,0.3,BUDDY_NORMAL
482,AZELF,,181,270,151,POKEMON_TYPE_PSYCHIC,POKEMON_TYPE_NONE,0.02,0.04,0.3,0.0375,0.3,0.0375,25,20.0,0.3,BUDDY_NORMAL
483,DIALGA,,205,275,211,POKEMON_TYPE_STEEL,POKEMON_TYPE_DRAGON,0.02,0.04,5.4,0.675,683.0,85.375,25,20.0,5.6,BUDDY_BIG
484,PALKIA,,189,280,215,POKEMON_TYPE_WATER,POKEMON_TYPE_DRAGON,0.02,0.04,4.2,0.525,336.0,42.0,25,20.0,3.68,BUDDY_BIG
485,HEATRAN,,209,251,213,POKEMON_TYPE_FIRE,POKEMON_TYPE_STEEL,0.02,0.04,1.7,0.2125,430.0,53.75,25,20.0,2.36,BUDDY_BIG
486,REGIGIGAS,,221,287,210,POKEMON_TYPE_NORMAL,POKEMON_TYPE_NONE,0.02,0.04,3.7,0.4625,420.0,52.5,25,20.0,3.24,BUDDY_BIG
487,GIRATINA,,284,187,225,POKEMON_TYPE_GHOST,POKEMON_TYPE_DRAGON,0.02,0.04,4.5,0.5625,750.0,93.75,25,20.0,5.8,BUDDY_BIG
487,GIRATINA,GIRATINA_ALTERED,284,187,225,POKEMON_TYPE_GHOST,POKEMON_TYPE_DRAGON,0.02,0.04,4.5,0.5625,750.0,93.75,25,20.0,5.38,BUDDY_BIG
487,GIRATINA,GIRATINA_ORIGIN,284,225,187,POKEMON_TYPE_GHOST,POKEMON_TYPE_DRAGON,0.02,0.04,4.5,0.5625,750.0,93.75,25,20.0,5.8,BUDDY_NORMAL
488,CRESSELIA,,260,152,258,POKEMON_TYPE_PSYCHIC,POKEMON_TYPE_NONE,0.02,0.04,1.5,0.1875,85.6,10.7,25,20.0,1.5,BUDDY_FLYING
489,PHIONE,,190,162,162,POKEMON_TYPE_WATER,POKEMON_TYPE_NONE,0.02,0,0.4,0.05,3.1,0.3875,25,20.0,0.36,BUDDY_NORMAL
490,MANAPHY,,225,210,210,POKEMON_TYPE_WATER,POKEMON_TYPE_NONE,0.02,0,0.3,0.0375,1.4,0.175,25,20.0,0.35,BUDDY_NORMAL
491,DARKRAI,,172,285,198,POKEMON_TYPE_DARK,POKEMON_TYPE_NONE,0.02,0,1.5,0.1875,50.5,6.3125,25,20.0,1.66,BUDDY_NORMAL
492,SHAYMIN,,225,210,210,POKEMON_TYPE_GRASS,POKEMON_TYPE_NONE,0.02,0,0.2,0.025,2.1,0.2625,25,20.0,0.39,BUDDY_NORMAL
492,SHAYMIN,SHAYMIN_LAND,225,210,210,POKEMON_TYPE_GRASS,POKEMON_TYPE_NONE,0.02,0,0.2,0.025,2.1,0.2625,25,20.0,0.3,BUDDY_NORMAL
492,SHAYMIN,SHAYMIN_SKY,225,261,166,POKEMON_TYPE_GRASS,POKEMON_TYPE_FLYING,0.02,0,0.2,0.025,2.1,0.2625,25,20.0,0.39,BUDDY_NORMAL
493,ARCEUS,,237,238,238,POKEMON_TYPE_NORMAL,POKEMON_TYPE_NONE,0.02,0,3.2,0.4,320.0,40.0,25,20.0,3.3,BUDDY_NORMAL
493,ARCEUS,ARCEUS_BUG,237,238,238,POKEMON_TYPE_BUG,POKEMON_TYPE_NONE,0.02,0,3.2,0.4,320.0,40.0,25,20.0,3.3,BUDDY_NORMAL
493,ARCEUS,ARCEUS_DARK,237,238,238,POKEMON_TYPE_DARK,POKEMON_TYPE_NONE,0.02,0,3.2,0.4,320.0,40.0,25,20.0,3.3,BUDDY_NORMAL
493,ARCEUS,ARCEUS_DRAGON,237,238,238,POKEMON_TYPE_DRAGON,POKEMON_TYPE_NONE,0.02,0,3.2,0.4,320.0,40.0,25,20.0,3.3,BUDDY_NORMAL
493,ARCEUS,ARCEUS_ELECTRIC,237,238,238,POKEMON_TYPE_ELECTRIC,POKEMON_TYPE_NONE,0.02,0,3.2,0.4,320.0,40.0,25,20.0,3.3,BUDDY_NORMAL
493,ARCEUS,ARCEUS_FAIRY,237,238,238,POKEMON_TYPE_FAIRY,POKEMON_TYPE_NONE,0.02,0,3.2,0.4,320.0,40.0,25,20.0,3.3,BUDDY_NORMAL
493,ARCEUS,ARCEUS_FIGHTING,237,238,238,POKEMON_TYPE_FIGHTING,POKEMON_TYPE_NONE,0.02,0,3.2,0.4,320.0,40.0,25,20.0,3.3,BUDDY_NORMAL
493,ARCEUS,ARCEUS_FIRE,237,238,238,POKEMON_TYPE_FIRE,POKEMON_TYPE_NONE,0.02,0,3.2,0.4,320.0,40.0,25,20.0,3.3,BUDDY_NORMAL
493,ARCEUS,ARCEUS_FLYING,237,238,238,POKEMON_TYPE_FLYING,POKEMON_TYPE_NONE,0.02,0,3.2,0.4,320.0,40.0,25,20.0,3.3,BUDDY_NORMAL
493,ARCEUS,ARCEUS_GHOST,237,238,238,POKEMON_TYPE_GHOST,POKEMON_TYPE_NONE,0.02,0,3.2,0.4,320.0,40.0,25,20.0,3.3,BUDDY_NORMAL
493,ARCEUS,ARCEUS_GRASS,237,238,238,POKEMON_TYPE_GRASS,POKEMON_TYPE_NONE,0.02,0,3.2,0.4,320.0,40.0,25,20.0,3.3,BUDDY_NORMAL
493,ARCEUS,ARCEUS_GROUND,237,238,238,POKEMON_TYPE_GROUND,POKEMON_TYPE_NONE,0.02,0,3.2,0.4,320.0,40.0,25,20.0,3.3,BUDDY_NORMAL
493,ARCEUS,ARCEUS_ICE,237,238,238,POKEMON_TYPE_ICE,POKEMON_TYPE_NONE,0.02,0,3.2,0.4,320.0,40.0,25,20.0,3.3,BUDDY_NORMAL
493,ARCEUS,ARCEUS_NORMAL,237,238,238,POKEMON_TYPE_NORMAL,POKEMON_TYPE_NONE,0.02,0,3.2,0.4,320.0,40.0,25,20.0,3.3,BUDDY_NORMAL
493,ARCEUS,ARCEUS_POISON,237,238,238,POKEMON_TYPE_POISON,POKEMON_TYPE_NONE,0.02,0,3.2,0.4,320.0,40.0,25,20.0,3.3,BUDDY_NORMAL
493,ARCEUS,ARCEUS_PSYCHIC,237,238,238,POKEMON_TYPE_PSYCHIC,POKEMON_TYPE_NONE,0.02,0,3.2,0.4,320.0,40.0,25,20.0,3.3,BUDDY_NORMAL
493,ARCEUS,ARCEUS_ROCK,237,238,238,POKEMON_TYPE_ROCK,POKEMON_TYPE_NONE,0.02,0,3.2,0.4,320.0,40.0,25,20.0,3.3,BUDDY_NORMAL
493,ARCEUS,ARCEUS_STEEL,237,238,238,POKEMON_TYPE_STEEL,POKEMON_TYPE_NONE,0.02,0,3.2,0.4,320.0,40.0,25,20.0,3.3,BUDDY_NORMAL
493,ARCEUS,ARCEUS_WATER,237,238,238,POKEMON_TYPE_WATER,POKEMON_TYPE_NONE,0.02,0,3.2,0.4,320.0,40.0,25,20.0,3.3,BUDDY_NORMAL